p_t mean,f0 mean,edit dist,edit std,edit dist mv,edit std mv,cov delta,cov std,exac delta,exac std
0.0,0.0,3.89,1.311,10.13,2.013,0.047,0.068,0.041,0.053
0.0,0.0,4.38,1.623,10.19,2.58,0.042,0.07,0.038,0.049
0.0,0.0,4.0,1.536,9.89,2.672,0.05,0.068,0.044,0.053
0.0,0.0,3.81,1.383,10.03,2.451,0.046,0.062,0.038,0.049
0.0,0.0,3.81,1.495,9.48,2.304,0.046,0.068,0.036,0.054
0.0,0.0,3.96,1.363,10.08,2.235,0.051,0.056,0.046,0.044
0.0,0.0,4.12,1.518,10.01,2.278,0.037,0.079,0.036,0.055
0.0,0.0,4.16,1.391,9.81,2.54,0.04,0.079,0.037,0.055
0.0,0.0,4.37,1.467,9.87,2.257,0.039,0.066,0.041,0.044
0.0,0.0,4.19,1.278,10.1,2.252,0.047,0.075,0.038,0.057
0.0,0.1,4.1,1.418,9.83,2.333,0.054,0.064,0.051,0.051
0.0,0.1,4.1,1.67,9.68,2.19,0.058,0.067,0.056,0.052
0.0,0.1,4.1,1.493,10.06,2.374,0.055,0.067,0.056,0.05
0.0,0.1,4.02,1.385,9.72,2.396,0.047,0.078,0.046,0.052
0.0,0.1,3.76,1.464,9.87,2.44,0.041,0.073,0.031,0.055
0.0,0.1,4.17,1.393,10.18,2.264,0.05,0.074,0.043,0.057
0.0,0.1,4.14,1.51,10.01,2.476,0.048,0.071,0.042,0.058
0.0,0.1,3.88,1.409,10.07,2.624,0.045,0.069,0.037,0.055
0.0,0.1,3.89,1.421,9.8,2.538,0.04,0.07,0.033,0.054
0.0,0.1,4.06,1.475,9.88,2.141,0.049,0.07,0.047,0.046
0.0,0.2,4.11,1.503,9.8,2.298,0.048,0.075,0.039,0.059
0.0,0.2,4.05,1.711,9.53,2.295,0.055,0.07,0.045,0.054
0.0,0.2,4.06,1.279,9.56,2.295,0.054,0.078,0.046,0.06
0.0,0.2,3.85,1.552,9.8,2.145,0.05,0.073,0.039,0.056
0.0,0.2,3.96,1.562,10.19,2.235,0.048,0.075,0.04,0.058
0.0,0.2,4.18,1.403,9.71,2.268,0.051,0.061,0.045,0.046
0.0,0.2,4.19,1.405,10.01,2.207,0.045,0.079,0.041,0.06
0.0,0.2,3.66,1.458,9.56,2.475,0.048,0.063,0.039,0.047
0.0,0.2,3.82,1.602,9.74,2.419,0.041,0.076,0.032,0.058
0.0,0.2,3.98,1.6,9.72,2.413,0.044,0.058,0.043,0.038
0.0,0.3,4.19,1.468,10.01,2.54,0.048,0.078,0.048,0.055
0.0,0.3,3.96,1.407,9.95,2.308,0.047,0.074,0.044,0.052
0.0,0.3,4.14,1.421,9.57,2.539,0.054,0.071,0.043,0.057
0.0,0.3,4.09,1.477,10.28,2.49,0.05,0.084,0.041,0.062
0.0,0.3,3.74,1.54,9.55,2.402,0.047,0.074,0.035,0.055
0.0,0.3,4.06,1.561,9.77,2.469,0.055,0.073,0.046,0.057
0.0,0.3,4.01,1.425,9.73,2.297,0.045,0.062,0.037,0.047
0.0,0.3,3.67,1.217,9.74,2.322,0.05,0.063,0.041,0.048
0.0,0.3,4.17,1.55,9.96,2.6,0.054,0.079,0.047,0.062
0.0,0.3,4.31,1.501,9.64,2.143,0.042,0.067,0.038,0.053
0.0,0.4,4.1,1.559,9.49,2.394,0.039,0.056,0.032,0.042
0.0,0.4,4.16,1.534,10.28,2.191,0.04,0.062,0.036,0.047
0.0,0.4,3.75,1.558,9.4,2.387,0.037,0.042,0.031,0.029
0.0,0.4,3.92,1.508,9.33,2.164,0.035,0.066,0.029,0.049
0.0,0.4,4.05,1.472,10.01,2.46,0.047,0.071,0.038,0.052
0.0,0.4,4.1,1.367,9.74,2.398,0.051,0.062,0.042,0.049
0.0,0.4,3.72,1.463,9.7,2.524,0.047,0.064,0.038,0.05
0.0,0.4,4.04,1.542,9.97,2.287,0.051,0.068,0.042,0.053
0.0,0.4,3.82,1.352,9.22,2.292,0.042,0.059,0.036,0.047
0.0,0.4,4.24,1.497,9.57,2.219,0.062,0.054,0.061,0.034
0.0,0.5,3.93,1.505,9.7,2.452,0.051,0.062,0.043,0.05
0.0,0.5,4.1,1.597,9.51,2.528,0.053,0.066,0.043,0.05
0.0,0.5,4.22,1.494,10.04,2.121,0.055,0.073,0.046,0.055
0.0,0.5,4.09,1.415,9.67,2.25,0.044,0.066,0.044,0.043
0.0,0.5,3.93,1.478,9.71,2.192,0.048,0.063,0.039,0.046
0.0,0.5,3.8,1.51,9.43,2.368,0.057,0.09,0.048,0.066
0.0,0.5,3.82,1.26,9.61,1.999,0.047,0.05,0.039,0.04
0.0,0.5,4.12,1.458,9.86,2.054,0.044,0.09,0.043,0.058
0.0,0.5,3.91,1.497,9.72,2.354,0.043,0.082,0.033,0.06
0.0,0.5,3.99,1.539,9.7,2.48,0.056,0.062,0.047,0.05
0.0,0.6,4.08,1.534,9.63,2.318,0.053,0.089,0.054,0.06
0.0,0.6,3.63,1.419,9.19,2.322,0.042,0.038,0.034,0.028
0.0,0.6,4.03,1.473,9.72,2.363,0.052,0.065,0.044,0.051
0.0,0.6,4.16,1.354,9.99,2.504,0.046,0.069,0.038,0.054
0.0,0.6,4.01,1.411,10.09,2.388,0.041,0.068,0.035,0.052
0.0,0.6,4.04,1.476,9.16,2.489,0.054,0.065,0.046,0.049
0.0,0.6,3.99,1.345,9.71,2.174,0.056,0.074,0.044,0.05
0.0,0.6,3.71,1.366,9.77,2.31,0.053,0.082,0.043,0.062
0.0,0.6,3.6,1.428,9.25,2.351,0.044,0.038,0.037,0.029
0.0,0.6,4.08,1.398,9.4,2.245,0.057,0.069,0.057,0.046
0.0,0.7,4.36,1.466,10.17,2.122,0.043,0.065,0.039,0.052
0.0,0.7,4.15,1.307,9.49,2.356,0.05,0.084,0.041,0.063
0.0,0.7,4.09,1.386,9.54,2.308,0.056,0.075,0.048,0.058
0.0,0.7,4.0,1.378,9.83,2.337,0.054,0.07,0.049,0.054
0.0,0.7,4.12,1.437,9.73,2.408,0.056,0.079,0.046,0.061
0.0,0.7,4.14,1.4,9.56,2.503,0.043,0.057,0.036,0.042
0.0,0.7,3.88,1.505,9.23,2.481,0.055,0.068,0.046,0.054
0.0,0.7,4.05,1.445,9.73,2.391,0.047,0.056,0.039,0.045
0.0,0.7,3.9,1.507,9.83,2.281,0.041,0.039,0.043,0.021
0.0,0.7,4.21,1.532,9.45,2.282,0.075,0.08,0.07,0.057
0.0,0.8,4.17,1.613,9.82,2.312,0.039,0.061,0.032,0.046
0.0,0.8,3.67,1.51,8.91,2.191,0.028,0.037,0.024,0.028
0.0,0.8,3.9,1.425,9.71,2.242,0.051,0.061,0.051,0.042
0.0,0.8,4.13,1.376,9.71,2.174,0.048,0.08,0.038,0.062
0.0,0.8,3.64,1.368,9.37,2.493,0.041,0.02,0.034,0.016
0.0,0.8,4.27,1.489,10.24,2.079,0.047,0.059,0.043,0.042
0.0,0.8,4.0,1.349,10.06,2.336,0.05,0.072,0.042,0.057
0.0,0.8,4.19,1.481,9.44,2.455,0.063,0.054,0.06,0.039
0.0,0.8,3.75,1.472,9.0,2.263,0.062,0.072,0.052,0.055
0.0,0.8,4.04,1.496,9.65,2.435,0.051,0.079,0.045,0.06
0.0,0.9,3.87,1.412,9.74,2.386,0.052,0.079,0.049,0.059
0.0,0.9,4.23,1.58,9.76,2.201,0.061,0.065,0.052,0.051
0.0,0.9,4.4,1.47,10.16,2.361,0.064,0.062,0.057,0.044
0.0,0.9,3.82,1.539,9.6,2.341,0.051,0.041,0.041,0.03
0.0,0.9,3.79,1.306,9.67,2.187,0.051,0.07,0.042,0.055
0.0,0.9,4.27,1.509,9.83,2.126,0.058,0.072,0.048,0.058
0.0,0.9,3.95,1.552,9.84,2.305,0.05,0.072,0.051,0.051
0.0,0.9,3.98,1.356,9.47,2.26,0.05,0.077,0.041,0.058
0.0,0.9,3.96,1.455,9.54,2.334,0.053,0.078,0.043,0.059
0.0,0.9,3.9,1.597,9.68,2.391,0.047,0.067,0.038,0.051
0.0,1.0,4.06,1.475,9.58,2.183,0.044,0.079,0.035,0.059
0.0,1.0,3.94,1.413,9.65,1.883,0.051,0.061,0.043,0.047
0.0,1.0,4.0,1.304,9.79,2.061,0.05,0.067,0.042,0.051
0.0,1.0,3.85,1.492,9.49,2.39,0.041,0.069,0.033,0.051
0.0,1.0,3.85,1.699,9.42,2.219,0.053,0.045,0.056,0.031
0.0,1.0,4.01,1.418,9.83,2.245,0.037,0.036,0.037,0.025
0.0,1.0,4.18,1.465,10.58,2.401,0.044,0.064,0.039,0.05
0.0,1.0,4.03,1.609,9.69,2.087,0.059,0.084,0.063,0.055
0.0,1.0,4.13,1.433,9.33,2.362,0.079,0.079,0.073,0.059
0.0,1.0,3.5,1.323,9.24,2.241,0.039,0.048,0.031,0.035
0.1,0.0,4.02,1.51,10.06,2.564,0.054,0.089,0.043,0.066
0.1,0.0,3.95,1.621,9.76,2.254,0.047,0.07,0.039,0.054
0.1,0.0,4.02,1.581,9.52,2.322,0.039,0.073,0.043,0.048
0.1,0.0,4.05,1.388,10.33,2.421,0.043,0.067,0.043,0.046
0.1,0.0,3.91,1.55,9.48,2.198,0.041,0.101,0.03,0.073
0.1,0.0,4.13,1.514,10.08,2.185,0.04,0.057,0.035,0.046
0.1,0.0,4.03,1.41,9.95,2.439,0.045,0.074,0.037,0.057
0.1,0.0,4.04,1.516,10.0,2.354,0.048,0.075,0.04,0.059
0.1,0.0,4.0,1.386,9.84,2.27,0.05,0.078,0.041,0.06
0.1,0.0,3.85,1.519,10.0,2.631,0.042,0.064,0.033,0.048
0.1,0.1,3.95,1.699,9.37,2.415,0.039,0.06,0.032,0.043
0.1,0.1,3.62,1.384,9.56,2.43,0.04,0.067,0.031,0.051
0.1,0.1,4.19,1.495,10.04,2.474,0.049,0.071,0.041,0.056
0.1,0.1,3.91,1.335,9.5,2.798,0.044,0.074,0.036,0.056
0.1,0.1,4.13,1.573,9.86,2.585,0.041,0.079,0.033,0.059
0.1,0.1,4.17,1.497,9.88,2.479,0.045,0.086,0.036,0.067
0.1,0.1,4.01,1.5,9.48,2.368,0.051,0.08,0.042,0.06
0.1,0.1,3.82,1.374,9.86,2.458,0.045,0.053,0.037,0.04
0.1,0.1,4.08,1.629,9.93,2.372,0.037,0.072,0.029,0.055
0.1,0.1,4.07,1.423,10.28,2.454,0.046,0.071,0.037,0.053
0.1,0.2,3.97,1.565,9.81,2.428,0.036,0.054,0.03,0.041
0.1,0.2,4.01,1.533,9.97,2.598,0.043,0.069,0.036,0.052
0.1,0.2,4.14,1.517,9.56,2.389,0.042,0.061,0.035,0.049
0.1,0.2,3.69,1.488,9.55,2.269,0.033,0.044,0.027,0.031
0.1,0.2,4.0,1.378,9.62,2.391,0.048,0.067,0.042,0.054
0.1,0.2,3.92,1.383,9.61,2.154,0.052,0.076,0.047,0.059
0.1,0.2,4.06,1.535,9.85,2.402,0.063,0.065,0.061,0.043
0.1,0.2,4.26,1.616,9.74,2.444,0.05,0.06,0.045,0.048
0.1,0.2,4.05,1.396,9.91,2.337,0.044,0.069,0.038,0.052
0.1,0.2,3.73,1.272,9.87,2.513,0.047,0.064,0.038,0.05
0.1,0.3,3.98,1.53,9.93,2.422,0.047,0.046,0.038,0.034
0.1,0.3,4.08,1.56,8.97,2.455,0.048,0.03,0.048,0.02
0.1,0.3,3.95,1.602,9.87,2.436,0.057,0.061,0.054,0.04
0.1,0.3,4.15,1.417,9.95,2.211,0.051,0.074,0.042,0.057
0.1,0.3,3.83,1.429,9.63,2.415,0.058,0.057,0.049,0.047
0.1,0.3,3.94,1.377,9.98,2.098,0.047,0.06,0.04,0.046
0.1,0.3,4.02,1.349,9.55,2.364,0.047,0.048,0.039,0.039
0.1,0.3,4.19,1.461,9.53,2.547,0.048,0.057,0.042,0.048
0.1,0.3,4.16,1.689,8.98,2.371,0.063,0.074,0.062,0.051
0.1,0.3,4.0,1.661,9.27,2.622,0.048,0.068,0.039,0.052
0.1,0.4,4.05,1.526,9.89,2.328,0.056,0.058,0.053,0.042
0.1,0.4,4.06,1.448,9.38,2.116,0.058,0.062,0.048,0.046
0.1,0.4,4.11,1.618,9.25,2.418,0.071,0.082,0.071,0.051
0.1,0.4,3.94,1.561,8.71,2.43,0.057,0.047,0.046,0.038
0.1,0.4,3.97,1.493,9.15,2.238,0.053,0.076,0.044,0.057
0.1,0.4,3.97,1.486,8.92,2.44,0.042,0.039,0.036,0.029
0.1,0.4,4.06,1.561,9.32,2.24,0.077,0.071,0.073,0.049
0.1,0.4,3.71,1.62,8.76,2.53,0.041,0.044,0.034,0.034
0.1,0.4,3.95,1.445,9.67,2.4,0.046,0.067,0.037,0.052
0.1,0.4,3.98,1.51,9.45,2.308,0.046,0.077,0.036,0.059
0.1,0.5,3.77,1.469,8.97,2.202,0.048,0.048,0.038,0.04
0.1,0.5,3.61,1.561,8.89,2.349,0.047,0.069,0.037,0.05
0.1,0.5,4.05,1.41,9.05,2.33,0.052,0.039,0.051,0.028
0.1,0.5,3.76,1.484,9.31,2.473,0.063,0.054,0.051,0.042
0.1,0.5,4.05,1.492,9.01,2.575,0.057,0.062,0.047,0.047
0.1,0.5,4.02,1.428,9.22,2.595,0.061,0.065,0.059,0.04
0.1,0.5,3.84,1.521,9.3,2.356,0.052,0.079,0.041,0.059
0.1,0.5,4.25,1.693,9.92,2.424,0.049,0.056,0.039,0.045
0.1,0.5,3.93,1.498,9.29,2.495,0.042,0.032,0.035,0.026
0.1,0.5,3.5,1.432,9.57,2.001,0.036,0.046,0.029,0.031
0.1,0.6,3.93,1.437,8.9,2.508,0.057,0.07,0.046,0.054
0.1,0.6,3.59,1.563,8.19,2.741,0.039,0.027,0.028,0.02
0.1,0.6,3.71,1.402,9.13,2.279,0.065,0.072,0.052,0.05
0.1,0.6,3.77,1.496,8.69,2.217,0.052,0.064,0.041,0.046
0.1,0.6,3.55,1.519,7.7,2.59,0.071,0.057,0.058,0.046
0.1,0.6,3.98,1.385,9.58,2.272,0.051,0.057,0.041,0.042
0.1,0.6,3.64,1.411,8.65,2.334,0.041,0.033,0.035,0.023
0.1,0.6,3.83,1.47,8.79,2.605,0.066,0.051,0.056,0.038
0.1,0.6,3.79,1.57,8.63,2.501,0.052,0.043,0.042,0.029
0.1,0.6,3.53,1.459,8.16,2.344,0.05,0.049,0.039,0.036
0.1,0.7,3.79,1.499,8.75,2.833,0.043,0.036,0.035,0.027
0.1,0.7,3.69,1.419,8.43,2.281,0.059,0.045,0.049,0.036
0.1,0.7,3.78,1.616,8.69,2.053,0.043,0.042,0.035,0.03
0.1,0.7,3.76,1.436,8.33,2.486,0.066,0.047,0.054,0.034
0.1,0.7,4.1,1.559,8.92,2.436,0.052,0.051,0.043,0.037
0.1,0.7,4.09,1.497,8.67,2.417,0.097,0.084,0.088,0.062
0.1,0.7,4.07,1.351,9.38,2.034,0.072,0.093,0.064,0.069
0.1,0.7,3.59,1.429,8.59,2.228,0.044,0.043,0.036,0.031
0.1,0.7,3.77,1.333,9.81,2.456,0.042,0.049,0.038,0.037
0.1,0.7,4.07,1.444,8.87,2.185,0.058,0.078,0.045,0.059
0.1,0.8,3.95,1.577,8.98,2.362,0.057,0.044,0.046,0.032
0.1,0.8,3.95,1.676,8.57,2.754,0.056,0.035,0.047,0.026
0.1,0.8,3.82,1.465,9.23,2.349,0.052,0.049,0.043,0.038
0.1,0.8,3.83,1.357,9.22,2.697,0.071,0.041,0.067,0.03
0.1,0.8,3.71,1.451,8.84,2.544,0.033,0.035,0.028,0.029
0.1,0.8,3.78,1.501,8.93,2.483,0.043,0.041,0.034,0.029
0.1,0.8,3.84,1.398,8.93,2.562,0.046,0.024,0.036,0.018
0.1,0.8,3.66,1.409,8.13,2.452,0.058,0.053,0.045,0.039
0.1,0.8,3.76,1.778,8.57,2.455,0.023,0.02,0.018,0.018
0.1,0.8,3.86,1.637,9.36,2.496,0.04,0.044,0.037,0.039
0.1,0.9,3.89,1.476,8.72,2.32,0.069,0.062,0.054,0.045
0.1,0.9,3.34,1.458,7.68,2.642,0.039,0.034,0.031,0.029
0.1,0.9,3.49,1.52,8.4,2.546,0.055,0.046,0.047,0.034
0.1,0.9,4.1,1.539,8.91,2.337,0.065,0.05,0.064,0.033
0.1,0.9,3.75,1.479,9.2,2.345,0.042,0.035,0.035,0.024
0.1,0.9,4.01,1.466,8.47,2.406,0.047,0.052,0.034,0.04
0.1,0.9,3.7,1.584,8.44,2.329,0.061,0.048,0.048,0.033
0.1,0.9,3.83,1.379,9.16,2.262,0.057,0.075,0.047,0.056
0.1,0.9,4.02,1.326,8.57,1.946,0.079,0.065,0.074,0.045
0.1,0.9,3.81,1.362,8.39,2.477,0.055,0.011,0.047,0.01
0.1,1.0,3.73,1.413,8.94,2.572,0.049,0.054,0.038,0.039
0.1,1.0,3.54,1.403,8.37,2.595,0.061,0.033,0.052,0.026
0.1,1.0,3.96,1.516,8.63,2.189,0.073,0.043,0.056,0.035
0.1,1.0,3.87,1.461,8.68,2.28,0.062,0.057,0.053,0.046
0.1,1.0,3.72,1.582,8.14,2.417,0.066,0.057,0.054,0.046
0.1,1.0,3.89,1.549,8.27,2.42,0.051,0.041,0.041,0.033
0.1,1.0,3.65,1.403,6.99,2.278,0.069,0.045,0.047,0.031
0.1,1.0,3.39,1.536,7.02,2.713,0.046,0.02,0.033,0.013
0.1,1.0,3.66,1.485,9.03,2.484,0.045,0.026,0.038,0.021
0.1,1.0,3.89,1.58,8.52,2.707,0.072,0.089,0.058,0.068
0.2,0.0,4.07,1.518,10.08,2.587,0.047,0.087,0.041,0.067
0.2,0.0,4.55,1.545,9.98,2.458,0.044,0.07,0.041,0.049
0.2,0.0,4.08,1.454,9.55,2.418,0.044,0.078,0.037,0.06
0.2,0.0,4.02,1.51,9.86,2.311,0.042,0.053,0.035,0.043
0.2,0.0,4.28,1.463,9.85,2.104,0.051,0.065,0.048,0.044
0.2,0.0,4.38,1.561,9.77,2.37,0.05,0.058,0.051,0.046
0.2,0.0,4.24,1.477,9.92,2.301,0.043,0.057,0.042,0.035
0.2,0.0,4.13,1.579,9.86,2.186,0.049,0.066,0.043,0.052
0.2,0.0,3.92,1.554,9.75,2.439,0.04,0.073,0.032,0.055
0.2,0.0,4.35,1.564,9.85,2.256,0.052,0.058,0.052,0.037
0.2,0.1,4.09,1.457,9.68,2.433,0.06,0.058,0.058,0.039
0.2,0.1,3.7,1.446,9.33,2.392,0.048,0.051,0.043,0.041
0.2,0.1,4.07,1.538,9.36,2.105,0.053,0.058,0.05,0.042
0.2,0.1,4.16,1.481,9.63,2.656,0.053,0.083,0.051,0.057
0.2,0.1,3.9,1.48,9.98,2.4,0.041,0.076,0.032,0.057
0.2,0.1,4.07,1.639,9.8,2.498,0.048,0.05,0.04,0.039
0.2,0.1,3.93,1.614,9.99,2.536,0.05,0.069,0.047,0.045
0.2,0.1,4.0,1.625,9.37,2.335,0.036,0.045,0.03,0.035
0.2,0.1,3.95,1.396,9.68,2.465,0.033,0.074,0.026,0.055
0.2,0.1,3.86,1.594,9.55,2.41,0.059,0.067,0.058,0.043
0.2,0.2,3.94,1.441,9.37,2.407,0.049,0.039,0.042,0.031
0.2,0.2,3.91,1.436,9.55,2.188,0.041,0.071,0.032,0.053
0.2,0.2,4.01,1.609,9.56,2.142,0.041,0.046,0.034,0.037
0.2,0.2,3.87,1.419,9.41,2.446,0.06,0.056,0.05,0.045
0.2,0.2,3.71,1.314,9.47,2.184,0.04,0.03,0.037,0.024
0.2,0.2,3.7,1.546,8.75,2.41,0.042,0.039,0.038,0.03
0.2,0.2,3.84,1.426,9.11,2.498,0.063,0.065,0.052,0.048
0.2,0.2,4.12,1.416,9.75,2.264,0.057,0.045,0.048,0.033
0.2,0.2,4.08,1.604,9.27,2.437,0.041,0.036,0.035,0.026
0.2,0.2,4.06,1.737,9.45,2.479,0.05,0.063,0.041,0.048
0.2,0.3,3.82,1.403,8.8,2.474,0.053,0.039,0.041,0.029
0.2,0.3,3.78,1.566,8.33,2.311,0.058,0.044,0.046,0.033
0.2,0.3,3.76,1.556,9.16,2.239,0.035,0.047,0.028,0.033
0.2,0.3,3.96,1.428,9.04,2.634,0.051,0.065,0.042,0.05
0.2,0.3,3.79,1.458,8.78,2.339,0.047,0.038,0.039,0.027
0.2,0.3,4.35,1.438,9.47,2.455,0.079,0.075,0.073,0.055
0.2,0.3,3.89,1.483,9.02,2.341,0.049,0.037,0.041,0.027
0.2,0.3,3.98,1.53,9.19,2.382,0.039,0.041,0.032,0.03
0.2,0.3,3.73,1.434,9.05,2.499,0.041,0.031,0.031,0.022
0.2,0.3,3.92,1.598,9.23,2.705,0.041,0.038,0.035,0.025
0.2,0.4,4.05,1.571,8.52,2.456,0.053,0.043,0.04,0.034
0.2,0.4,3.63,1.454,8.41,2.623,0.043,0.038,0.03,0.029
0.2,0.4,3.78,1.507,7.8,2.691,0.073,0.062,0.052,0.048
0.2,0.4,3.75,1.545,8.94,2.19,0.052,0.056,0.042,0.043
0.2,0.4,3.79,1.381,8.57,2.736,0.071,0.059,0.057,0.047
0.2,0.4,3.79,1.551,8.74,2.536,0.057,0.06,0.04,0.046
0.2,0.4,3.49,1.466,8.12,2.264,0.037,0.034,0.027,0.024
0.2,0.4,4.0,1.619,8.92,2.477,0.042,0.045,0.035,0.034
0.2,0.4,3.52,1.571,9.4,2.581,0.027,0.042,0.022,0.029
0.2,0.4,3.72,1.575,9.0,2.581,0.053,0.043,0.044,0.031
0.2,0.5,3.44,1.728,7.59,2.761,0.051,0.029,0.038,0.02
0.2,0.5,3.69,1.488,7.93,2.635,0.05,0.042,0.042,0.035
0.2,0.5,3.5,1.539,7.73,2.63,0.065,0.031,0.054,0.022
0.2,0.5,4.05,1.381,8.95,2.681,0.061,0.071,0.046,0.052
0.2,0.5,3.77,1.434,8.18,2.467,0.086,0.084,0.071,0.065
0.2,0.5,3.67,1.364,8.4,2.28,0.044,0.022,0.037,0.018
0.2,0.5,3.8,1.643,7.54,2.809,0.081,0.047,0.065,0.036
0.2,0.5,3.84,1.521,8.33,2.616,0.055,0.071,0.038,0.055
0.2,0.5,3.57,1.512,7.62,2.513,0.055,0.032,0.04,0.025
0.2,0.5,4.02,1.385,8.69,2.509,0.079,0.051,0.073,0.032
0.2,0.6,3.83,1.668,7.37,2.583,0.062,0.034,0.044,0.028
0.2,0.6,3.82,1.459,8.87,2.745,0.049,0.035,0.041,0.027
0.2,0.6,3.78,1.712,8.41,2.458,0.035,0.028,0.029,0.021
0.2,0.6,3.63,1.61,7.71,2.669,0.048,0.024,0.035,0.018
0.2,0.6,3.81,1.56,8.18,2.496,0.068,0.061,0.056,0.049
0.2,0.6,4.17,1.721,8.9,2.435,0.063,0.04,0.05,0.032
0.2,0.6,3.86,1.371,7.76,2.573,0.09,0.035,0.08,0.026
0.2,0.6,3.81,1.573,8.04,2.209,0.039,0.038,0.029,0.026
0.2,0.6,3.75,1.337,7.64,2.22,0.062,0.041,0.049,0.033
0.2,0.6,3.71,1.751,7.5,2.46,0.066,0.062,0.054,0.048
0.2,0.7,3.42,1.557,6.74,2.622,0.074,0.051,0.053,0.037
0.2,0.7,3.46,1.396,6.82,2.609,0.064,0.03,0.046,0.023
0.2,0.7,3.44,1.299,7.18,2.643,0.049,0.031,0.037,0.024
0.2,0.7,3.58,1.505,6.67,2.371,0.086,0.049,0.06,0.039
0.2,0.7,3.79,1.395,7.81,2.038,0.05,0.023,0.038,0.017
0.2,0.7,3.75,1.59,7.6,2.615,0.069,0.045,0.053,0.032
0.2,0.7,3.95,1.584,7.36,2.571,0.059,0.057,0.039,0.041
0.2,0.7,3.46,1.486,7.49,2.443,0.051,0.034,0.038,0.024
0.2,0.7,3.97,1.597,7.68,2.357,0.081,0.05,0.065,0.038
0.2,0.7,3.73,1.548,7.28,2.743,0.074,0.051,0.06,0.04
0.2,0.8,3.7,1.5,7.27,2.374,0.074,0.041,0.056,0.032
0.2,0.8,3.83,1.55,7.51,2.456,0.051,0.027,0.035,0.018
0.2,0.8,3.86,1.421,7.52,2.555,0.067,0.047,0.049,0.032
0.2,0.8,3.38,1.561,6.28,2.573,0.084,0.033,0.063,0.025
0.2,0.8,3.62,1.617,7.12,2.695,0.057,0.037,0.039,0.028
0.2,0.8,3.4,1.428,6.46,2.291,0.076,0.04,0.05,0.027
0.2,0.8,3.78,1.474,6.48,2.381,0.066,0.05,0.048,0.037
0.2,0.8,3.95,1.571,7.28,2.779,0.075,0.027,0.054,0.023
0.2,0.8,3.95,1.417,8.25,2.621,0.071,0.048,0.057,0.038
0.2,0.8,3.42,1.779,7.96,2.51,0.04,0.033,0.028,0.026
0.2,0.9,3.72,1.45,7.3,2.625,0.089,0.041,0.069,0.03
0.2,0.9,3.84,1.468,7.74,2.508,0.055,0.044,0.042,0.031
0.2,0.9,3.62,1.623,7.56,2.347,0.052,0.043,0.039,0.026
0.2,0.9,3.56,1.472,6.25,2.451,0.084,0.038,0.058,0.025
0.2,0.9,3.51,1.425,6.73,2.596,0.085,0.04,0.059,0.031
0.2,0.9,3.32,1.529,5.63,2.301,0.081,0.049,0.056,0.035
0.2,0.9,3.35,1.532,7.68,2.481,0.049,0.03,0.031,0.023
0.2,0.9,3.91,1.53,8.03,2.282,0.084,0.051,0.068,0.037
0.2,0.9,3.49,1.411,6.49,2.364,0.086,0.046,0.064,0.032
0.2,0.9,3.34,1.351,6.37,2.493,0.056,0.043,0.035,0.03
0.2,1.0,3.75,1.596,8.0,2.47,0.082,0.042,0.067,0.031
0.2,1.0,3.49,1.473,6.46,2.714,0.081,0.029,0.057,0.02
0.2,1.0,3.27,1.516,6.5,2.663,0.074,0.044,0.053,0.03
0.2,1.0,3.46,1.466,6.54,2.535,0.081,0.047,0.056,0.033
0.2,1.0,3.67,1.47,7.95,2.722,0.061,0.026,0.041,0.02
0.2,1.0,3.35,1.633,5.82,2.551,0.07,0.035,0.045,0.025
0.2,1.0,3.63,1.494,7.2,2.653,0.068,0.03,0.048,0.024
0.2,1.0,3.54,1.577,6.89,2.49,0.07,0.041,0.052,0.028
0.2,1.0,3.16,1.579,6.15,2.747,0.06,0.035,0.042,0.028
0.2,1.0,3.9,1.493,7.63,2.369,0.055,0.037,0.041,0.03
0.3,0.0,4.15,1.67,10.25,2.321,0.046,0.08,0.037,0.063
0.3,0.0,3.79,1.505,9.81,2.314,0.04,0.066,0.033,0.052
0.3,0.0,3.91,1.47,9.59,2.754,0.045,0.073,0.035,0.055
0.3,0.0,3.97,1.52,9.56,2.192,0.038,0.052,0.032,0.042
0.3,0.0,3.83,1.524,9.06,2.453,0.032,0.056,0.026,0.039
0.3,0.0,3.84,1.44,9.52,2.544,0.045,0.07,0.037,0.054
0.3,0.0,4.03,1.634,9.75,2.586,0.046,0.051,0.045,0.028
0.3,0.0,4.1,1.411,9.73,2.258,0.043,0.058,0.035,0.048
0.3,0.0,3.95,1.609,9.82,2.431,0.052,0.067,0.052,0.044
0.3,0.0,4.0,1.4,9.66,2.401,0.043,0.068,0.035,0.052
0.3,0.1,4.12,1.657,9.44,2.389,0.041,0.072,0.033,0.055
0.3,0.1,4.07,1.485,9.53,2.398,0.059,0.091,0.047,0.068
0.3,0.1,3.92,1.528,9.81,2.583,0.054,0.065,0.047,0.053
0.3,0.1,3.91,1.582,9.6,2.68,0.038,0.058,0.031,0.044
0.3,0.1,4.25,1.539,9.59,2.191,0.043,0.065,0.035,0.052
0.3,0.1,4.16,1.56,9.4,2.258,0.067,0.069,0.064,0.047
0.3,0.1,3.91,1.511,9.41,2.375,0.041,0.052,0.035,0.04
0.3,0.1,3.66,1.358,9.1,2.062,0.051,0.052,0.056,0.034
0.3,0.1,3.76,1.524,9.68,2.6,0.053,0.049,0.044,0.037
0.3,0.1,3.75,1.539,8.96,2.832,0.055,0.044,0.045,0.034
0.3,0.2,4.04,1.562,9.45,2.84,0.047,0.052,0.039,0.042
0.3,0.2,3.94,1.69,9.1,2.617,0.044,0.054,0.037,0.04
0.3,0.2,3.96,1.637,9.13,2.629,0.06,0.05,0.048,0.041
0.3,0.2,3.95,1.512,8.85,2.527,0.055,0.05,0.044,0.036
0.3,0.2,4.14,1.503,8.86,2.638,0.069,0.063,0.068,0.044
0.3,0.2,3.9,1.67,8.5,2.663,0.049,0.042,0.04,0.031
0.3,0.2,3.81,1.629,8.22,2.606,0.047,0.039,0.038,0.029
0.3,0.2,3.89,1.406,8.99,2.512,0.059,0.052,0.051,0.039
0.3,0.2,3.8,1.51,9.22,2.44,0.047,0.052,0.038,0.038
0.3,0.2,3.78,1.659,8.86,2.75,0.036,0.035,0.028,0.028
0.3,0.3,3.7,1.375,7.76,2.96,0.078,0.054,0.058,0.042
0.3,0.3,3.61,1.413,8.15,2.736,0.037,0.024,0.028,0.018
0.3,0.3,3.88,1.577,7.35,2.725,0.057,0.028,0.046,0.02
0.3,0.3,3.55,1.299,8.53,2.389,0.054,0.039,0.043,0.029
0.3,0.3,3.66,1.505,8.82,2.621,0.038,0.041,0.03,0.029
0.3,0.3,3.86,1.477,8.41,2.281,0.067,0.068,0.052,0.049
0.3,0.3,3.93,1.478,8.03,2.851,0.051,0.035,0.038,0.028
0.3,0.3,3.58,1.784,8.1,2.927,0.048,0.038,0.032,0.029
0.3,0.3,3.94,1.654,8.82,2.621,0.057,0.027,0.046,0.019
0.3,0.3,3.55,1.506,7.82,2.632,0.044,0.039,0.033,0.03
0.3,0.4,3.98,1.679,8.08,2.46,0.075,0.048,0.061,0.035
0.3,0.4,3.77,1.516,7.46,2.791,0.08,0.028,0.059,0.02
0.3,0.4,4.04,1.673,7.73,2.345,0.089,0.063,0.073,0.046
0.3,0.4,3.97,1.533,7.29,2.981,0.097,0.048,0.075,0.039
0.3,0.4,3.54,1.682,7.57,2.836,0.055,0.029,0.038,0.022
0.3,0.4,3.68,1.587,8.08,2.656,0.062,0.038,0.045,0.03
0.3,0.4,3.67,1.53,6.83,2.388,0.084,0.035,0.057,0.027
0.3,0.4,3.69,1.521,7.64,2.587,0.063,0.04,0.056,0.034
0.3,0.4,3.85,1.492,7.24,2.442,0.078,0.022,0.058,0.017
0.3,0.4,3.36,1.46,6.32,2.687,0.075,0.039,0.055,0.026
0.3,0.5,3.6,1.523,6.34,2.558,0.078,0.049,0.058,0.035
0.3,0.5,3.75,1.645,7.16,2.544,0.063,0.032,0.048,0.023
0.3,0.5,3.58,1.57,6.5,2.707,0.078,0.033,0.054,0.026
0.3,0.5,3.5,1.396,6.9,2.46,0.064,0.042,0.041,0.031
0.3,0.5,4.0,1.667,7.15,2.696,0.058,0.046,0.043,0.035
0.3,0.5,3.48,1.284,6.47,2.629,0.051,0.043,0.032,0.026
0.3,0.5,3.93,1.704,7.35,3.109,0.085,0.037,0.062,0.026
0.3,0.5,3.53,1.323,6.46,2.674,0.063,0.039,0.041,0.029
0.3,0.5,3.66,1.313,7.67,2.577,0.065,0.033,0.048,0.026
0.3,0.5,3.58,1.686,7.84,2.533,0.062,0.042,0.047,0.033
0.3,0.6,3.54,1.552,6.95,2.624,0.076,0.041,0.059,0.03
0.3,0.6,3.63,1.398,5.65,2.443,0.108,0.031,0.073,0.024
0.3,0.6,3.64,1.54,7.48,2.876,0.078,0.042,0.059,0.033
0.3,0.6,3.63,1.508,5.76,2.538,0.089,0.04,0.058,0.03
0.3,0.6,3.66,1.423,7.78,2.73,0.059,0.037,0.037,0.027
0.3,0.6,3.56,1.512,6.46,2.313,0.082,0.029,0.058,0.021
0.3,0.6,3.47,1.646,6.5,2.394,0.073,0.046,0.052,0.032
0.3,0.6,3.52,1.5,6.18,2.567,0.077,0.03,0.051,0.024
0.3,0.6,3.7,1.446,6.61,2.51,0.094,0.05,0.068,0.036
0.3,0.6,3.41,1.524,6.66,2.491,0.066,0.045,0.045,0.032
0.3,0.7,3.46,1.664,5.09,2.466,0.129,0.038,0.089,0.026
0.3,0.7,3.49,1.459,5.89,2.529,0.073,0.03,0.048,0.023
0.3,0.7,3.43,1.589,4.98,2.709,0.089,0.039,0.054,0.026
0.3,0.7,3.48,1.486,5.33,2.259,0.095,0.058,0.064,0.04
0.3,0.7,3.66,1.692,5.51,2.625,0.106,0.039,0.074,0.026
0.3,0.7,3.41,1.517,5.41,2.478,0.088,0.035,0.058,0.028
0.3,0.7,3.24,1.436,4.67,2.311,0.114,0.029,0.075,0.018
0.3,0.7,3.48,1.578,6.43,2.684,0.071,0.033,0.048,0.023
0.3,0.7,3.32,1.587,5.1,2.238,0.084,0.033,0.057,0.025
0.3,0.7,3.76,1.674,5.32,2.181,0.096,0.045,0.067,0.035
0.3,0.8,3.6,1.568,5.22,2.1,0.099,0.039,0.063,0.025
0.3,0.8,3.25,1.492,4.92,2.675,0.092,0.044,0.06,0.028
0.3,0.8,3.39,1.516,5.67,2.561,0.075,0.039,0.048,0.026
0.3,0.8,3.47,1.52,4.84,2.485,0.105,0.05,0.071,0.034
0.3,0.8,3.2,1.643,4.72,2.371,0.09,0.039,0.05,0.028
0.3,0.8,3.43,1.505,5.18,2.26,0.107,0.055,0.067,0.038
0.3,0.8,3.66,1.544,4.85,2.179,0.116,0.035,0.072,0.026
0.3,0.8,3.22,1.533,5.17,2.03,0.095,0.045,0.062,0.026
0.3,0.8,3.39,1.428,5.27,2.249,0.09,0.044,0.055,0.033
0.3,0.8,3.52,1.603,5.99,2.243,0.095,0.052,0.067,0.039
0.3,0.9,3.32,1.529,4.23,2.262,0.131,0.047,0.081,0.034
0.3,0.9,3.1,1.513,4.23,2.226,0.083,0.03,0.043,0.017
0.3,0.9,3.3,1.597,5.37,2.288,0.093,0.037,0.058,0.025
0.3,0.9,3.36,1.652,5.81,2.513,0.098,0.042,0.068,0.032
0.3,0.9,3.23,1.666,5.45,2.547,0.081,0.037,0.053,0.029
0.3,0.9,3.29,1.388,5.93,2.669,0.08,0.041,0.051,0.026
0.3,0.9,3.32,1.661,5.52,2.456,0.087,0.047,0.063,0.035
0.3,0.9,3.82,1.506,6.45,2.282,0.076,0.049,0.049,0.035
0.3,0.9,3.29,1.525,4.64,2.234,0.099,0.054,0.063,0.034
0.3,0.9,3.32,1.618,4.18,2.109,0.113,0.051,0.072,0.033
0.3,1.0,2.97,1.5,5.15,2.685,0.079,0.044,0.051,0.029
0.3,1.0,3.08,1.514,5.08,2.18,0.087,0.055,0.055,0.037
0.3,1.0,3.31,1.454,5.47,2.472,0.094,0.039,0.068,0.026
0.3,1.0,3.45,1.564,5.63,2.283,0.088,0.035,0.056,0.027
0.3,1.0,3.52,1.634,5.28,2.227,0.086,0.034,0.053,0.026
0.3,1.0,3.17,1.543,5.11,2.19,0.076,0.034,0.042,0.023
0.3,1.0,3.3,1.584,5.61,2.541,0.075,0.033,0.043,0.021
0.3,1.0,3.28,1.607,5.73,2.336,0.075,0.051,0.048,0.035
0.3,1.0,3.49,1.603,4.92,2.369,0.099,0.045,0.065,0.03
0.3,1.0,3.3,1.439,4.39,2.412,0.104,0.049,0.065,0.034
0.4,0.0,4.03,1.513,9.55,2.247,0.047,0.063,0.039,0.048
0.4,0.0,3.61,1.561,9.14,2.302,0.035,0.039,0.028,0.029
0.4,0.0,3.78,1.591,8.95,2.406,0.054,0.08,0.043,0.059
0.4,0.0,3.9,1.634,9.26,2.571,0.051,0.055,0.042,0.044
0.4,0.0,3.77,1.555,9.34,2.16,0.038,0.046,0.033,0.038
0.4,0.0,3.86,1.428,9.43,2.251,0.048,0.06,0.044,0.048
0.4,0.0,3.89,1.555,9.61,2.275,0.054,0.055,0.052,0.035
0.4,0.0,3.88,1.437,9.76,2.581,0.043,0.051,0.035,0.038
0.4,0.0,4.03,1.417,8.91,2.268,0.056,0.052,0.049,0.047
0.4,0.0,3.98,1.421,9.71,2.503,0.043,0.066,0.035,0.05
0.4,0.1,3.9,1.682,9.61,2.34,0.058,0.057,0.049,0.043
0.4,0.1,4.16,1.641,8.9,2.339,0.07,0.034,0.066,0.023
0.4,0.1,3.97,1.711,9.27,2.469,0.038,0.049,0.031,0.036
0.4,0.1,4.04,1.442,9.27,2.19,0.041,0.065,0.033,0.051
0.4,0.1,4.26,1.481,9.53,2.165,0.048,0.073,0.038,0.055
0.4,0.1,3.99,1.459,8.83,2.191,0.058,0.05,0.05,0.039
0.4,0.1,3.92,1.361,9.66,2.35,0.038,0.047,0.032,0.038
0.4,0.1,3.78,1.641,9.51,2.602,0.057,0.048,0.051,0.033
0.4,0.1,3.77,1.37,9.53,2.385,0.062,0.048,0.053,0.037
0.4,0.1,3.34,1.583,8.14,2.638,0.041,0.031,0.033,0.023
0.4,0.2,3.65,1.552,8.44,2.92,0.044,0.044,0.03,0.035
0.4,0.2,3.98,1.575,7.79,2.628,0.061,0.048,0.053,0.036
0.4,0.2,4.0,1.449,8.56,2.574,0.061,0.059,0.047,0.045
0.4,0.2,3.74,1.572,8.09,2.822,0.066,0.038,0.055,0.031
0.4,0.2,3.86,1.588,8.64,2.855,0.044,0.04,0.032,0.031
0.4,0.2,3.9,1.507,8.36,2.726,0.049,0.048,0.034,0.039
0.4,0.2,3.64,1.507,8.81,2.848,0.051,0.038,0.042,0.027
0.4,0.2,3.96,1.476,9.21,2.471,0.058,0.06,0.046,0.046
0.4,0.2,3.52,1.546,8.12,2.397,0.048,0.054,0.035,0.04
0.4,0.2,3.66,1.576,8.75,2.9,0.057,0.047,0.048,0.036
0.4,0.3,3.65,1.633,6.99,2.985,0.069,0.029,0.047,0.022
0.4,0.3,3.82,1.41,7.73,2.842,0.081,0.06,0.066,0.046
0.4,0.3,3.45,1.424,7.26,2.686,0.079,0.043,0.057,0.033
0.4,0.3,3.94,1.455,8.23,2.767,0.05,0.036,0.042,0.03
0.4,0.3,3.68,1.667,7.11,2.679,0.075,0.033,0.053,0.026
0.4,0.3,3.59,1.588,8.62,2.999,0.035,0.024,0.025,0.019
0.4,0.3,3.87,1.56,7.75,2.751,0.059,0.043,0.041,0.033
0.4,0.3,3.65,1.645,7.54,2.733,0.056,0.038,0.041,0.023
0.4,0.3,3.64,1.5,8.1,2.423,0.055,0.026,0.039,0.02
0.4,0.3,3.57,1.518,7.22,2.407,0.06,0.045,0.041,0.035
0.4,0.4,3.64,1.622,6.3,2.594,0.071,0.033,0.044,0.028
0.4,0.4,3.55,1.519,6.64,2.532,0.088,0.033,0.065,0.026
0.4,0.4,3.49,1.418,6.84,2.58,0.07,0.035,0.051,0.025
0.4,0.4,3.79,1.596,7.1,2.944,0.068,0.036,0.048,0.029
0.4,0.4,3.28,1.556,6.13,2.46,0.09,0.044,0.064,0.034
0.4,0.4,3.68,1.642,5.67,2.698,0.119,0.039,0.08,0.028
0.4,0.4,3.6,1.575,6.23,2.731,0.069,0.039,0.041,0.029
0.4,0.4,3.46,1.389,6.02,2.584,0.091,0.032,0.062,0.022
0.4,0.4,3.37,1.553,6.19,2.802,0.096,0.039,0.064,0.027
0.4,0.4,3.63,1.573,6.17,2.936,0.088,0.035,0.059,0.025
0.4,0.5,3.51,1.584,5.09,2.51,0.113,0.037,0.076,0.023
0.4,0.5,3.09,1.582,5.12,2.562,0.081,0.037,0.052,0.027
0.4,0.5,3.55,1.699,6.26,2.326,0.085,0.036,0.058,0.027
0.4,0.5,3.63,1.433,5.85,2.511,0.098,0.037,0.065,0.025
0.4,0.5,3.54,1.466,6.37,2.509,0.082,0.039,0.056,0.03
0.4,0.5,3.38,1.541,5.35,2.459,0.1,0.045,0.068,0.036
0.4,0.5,3.56,1.519,6.11,2.634,0.087,0.031,0.056,0.023
0.4,0.5,3.45,1.664,5.32,2.408,0.08,0.025,0.052,0.02
0.4,0.5,3.29,1.478,5.58,2.654,0.091,0.039,0.062,0.027
0.4,0.5,3.7,1.533,6.32,2.457,0.075,0.028,0.045,0.022
0.4,0.6,3.13,1.553,5.74,2.436,0.078,0.026,0.047,0.019
0.4,0.6,3.29,1.492,4.81,2.244,0.116,0.045,0.073,0.03
0.4,0.6,3.14,1.562,4.52,2.484,0.111,0.04,0.071,0.025
0.4,0.6,3.53,1.609,5.09,2.49,0.083,0.036,0.045,0.025
0.4,0.6,2.97,1.628,4.12,2.376,0.126,0.029,0.082,0.019
0.4,0.6,3.36,1.591,4.5,2.095,0.127,0.039,0.088,0.025
0.4,0.6,2.85,1.512,4.88,2.495,0.082,0.03,0.049,0.018
0.4,0.6,3.56,1.621,5.34,2.29,0.105,0.039,0.069,0.023
0.4,0.6,2.78,1.591,4.68,2.521,0.089,0.04,0.06,0.024
0.4,0.6,3.24,1.436,4.72,2.554,0.1,0.038,0.065,0.025
0.4,0.7,2.79,1.444,3.81,2.176,0.072,0.016,0.039,0.015
0.4,0.7,3.27,1.522,3.97,2.047,0.114,0.032,0.072,0.022
0.4,0.7,3.1,1.539,3.77,2.323,0.125,0.042,0.081,0.03
0.4,0.7,3.46,1.552,4.6,2.205,0.109,0.055,0.065,0.037
0.4,0.7,2.99,1.411,4.11,2.126,0.098,0.045,0.054,0.028
0.4,0.7,3.23,1.574,4.66,2.246,0.104,0.044,0.064,0.031
0.4,0.7,3.25,1.558,3.93,2.355,0.129,0.041,0.082,0.031
0.4,0.7,3.28,1.674,4.44,2.414,0.119,0.034,0.079,0.021
0.4,0.7,3.14,1.556,4.28,1.887,0.112,0.038,0.069,0.03
0.4,0.7,3.02,1.483,4.28,2.392,0.102,0.042,0.057,0.026
0.4,0.8,2.91,1.537,3.71,2.174,0.096,0.015,0.057,0.01
0.4,0.8,3.29,1.545,3.76,1.877,0.124,0.038,0.075,0.027
0.4,0.8,2.84,1.501,3.37,1.864,0.107,0.041,0.063,0.027
0.4,0.8,2.99,1.411,3.75,2.056,0.105,0.04,0.063,0.028
0.4,0.8,3.09,1.582,4.22,2.23,0.115,0.046,0.072,0.034
0.4,0.8,2.83,1.49,3.91,2.064,0.093,0.037,0.054,0.021
0.4,0.8,2.85,1.403,3.82,2.027,0.085,0.029,0.048,0.02
0.4,0.8,2.64,1.418,3.19,1.958,0.08,0.023,0.04,0.013
0.4,0.8,2.84,1.447,3.76,2.079,0.087,0.022,0.046,0.015
0.4,0.8,3.66,1.57,5.09,2.47,0.128,0.042,0.084,0.027
0.4,0.9,3.25,1.526,4.3,2.179,0.117,0.041,0.07,0.028
0.4,0.9,2.83,1.45,4.22,2.394,0.087,0.037,0.05,0.025
0.4,0.9,2.92,1.514,4.06,2.082,0.078,0.028,0.041,0.018
0.4,0.9,2.83,1.436,3.79,1.824,0.087,0.033,0.048,0.021
0.4,0.9,2.48,1.323,3.66,2.401,0.078,0.024,0.039,0.016
0.4,0.9,2.87,1.467,3.75,2.142,0.1,0.039,0.054,0.025
0.4,0.9,3.03,1.424,3.55,1.723,0.09,0.028,0.046,0.02
0.4,0.9,2.83,1.327,3.2,1.929,0.133,0.033,0.082,0.023
0.4,0.9,2.99,1.425,3.57,1.951,0.114,0.03,0.058,0.017
0.4,0.9,2.99,1.323,3.69,2.008,0.134,0.061,0.087,0.036
0.4,1.0,2.95,1.424,3.5,1.931,0.101,0.025,0.049,0.014
0.4,1.0,3.26,1.376,4.49,2.22,0.123,0.048,0.073,0.033
0.4,1.0,2.75,1.403,3.56,1.997,0.093,0.023,0.05,0.014
0.4,1.0,3.08,1.412,3.91,2.241,0.114,0.033,0.064,0.021
0.4,1.0,2.68,1.535,3.21,2.011,0.091,0.028,0.048,0.015
0.4,1.0,3.17,1.588,4.23,2.181,0.099,0.039,0.058,0.024
0.4,1.0,3.11,1.516,3.97,2.085,0.098,0.026,0.058,0.02
0.4,1.0,3.32,1.441,4.23,1.949,0.123,0.052,0.079,0.036
0.4,1.0,3.1,1.634,4.43,2.303,0.099,0.037,0.057,0.024
0.4,1.0,2.77,1.377,3.45,1.785,0.098,0.034,0.053,0.021
0.5,0.0,3.92,1.541,9.31,2.533,0.041,0.061,0.034,0.047
0.5,0.0,3.73,1.516,9.68,2.236,0.038,0.045,0.032,0.033
0.5,0.0,3.77,1.441,9.37,2.477,0.039,0.083,0.032,0.059
0.5,0.0,3.84,1.579,9.19,2.361,0.053,0.052,0.043,0.039
0.5,0.0,3.99,1.572,9.54,2.251,0.039,0.07,0.03,0.052
0.5,0.0,3.89,1.516,8.99,2.54,0.042,0.053,0.035,0.042
0.5,0.0,4.11,1.612,9.41,2.214,0.035,0.044,0.029,0.038
0.5,0.0,4.16,1.629,9.15,2.299,0.055,0.059,0.057,0.038
0.5,0.0,3.75,1.307,9.41,2.276,0.047,0.045,0.039,0.035
0.5,0.0,3.86,1.631,9.15,2.351,0.041,0.059,0.032,0.044
0.5,0.1,3.85,1.596,8.52,2.5,0.034,0.031,0.026,0.022
0.5,0.1,3.98,1.393,8.64,2.124,0.044,0.029,0.035,0.024
0.5,0.1,3.7,1.396,8.31,2.46,0.046,0.033,0.038,0.026
0.5,0.1,3.6,1.581,9.33,2.51,0.033,0.032,0.026,0.023
0.5,0.1,3.88,1.57,9.19,2.399,0.048,0.062,0.041,0.051
0.5,0.1,3.76,1.53,8.77,2.315,0.036,0.047,0.027,0.035
0.5,0.1,3.99,1.487,8.96,2.37,0.048,0.063,0.04,0.047
0.5,0.1,3.83,1.68,8.74,2.726,0.061,0.07,0.05,0.05
0.5,0.1,3.5,1.382,8.87,2.235,0.051,0.038,0.043,0.03
0.5,0.1,3.81,1.713,8.66,2.325,0.058,0.059,0.048,0.043
0.5,0.2,3.56,1.545,7.43,2.84,0.047,0.033,0.033,0.025
0.5,0.2,3.97,1.646,8.02,2.584,0.054,0.032,0.044,0.025
0.5,0.2,3.95,1.658,8.11,3.28,0.058,0.052,0.04,0.042
0.5,0.2,3.42,1.518,7.0,2.702,0.054,0.031,0.04,0.022
0.5,0.2,3.72,1.68,8.13,2.568,0.046,0.043,0.038,0.029
0.5,0.2,3.9,1.609,6.89,2.929,0.065,0.058,0.043,0.042
0.5,0.2,3.8,1.568,8.08,2.859,0.063,0.069,0.046,0.052
0.5,0.2,3.83,1.53,8.2,2.661,0.049,0.03,0.036,0.023
0.5,0.2,3.53,1.513,7.84,2.87,0.06,0.032,0.043,0.024
0.5,0.2,3.54,1.603,7.68,2.63,0.06,0.043,0.042,0.032
0.5,0.3,3.48,1.539,6.78,2.652,0.08,0.042,0.059,0.03
0.5,0.3,3.91,1.47,6.99,2.858,0.07,0.037,0.05,0.027
0.5,0.3,3.52,1.425,7.15,2.755,0.06,0.03,0.038,0.021
0.5,0.3,3.7,1.616,6.65,2.765,0.073,0.036,0.049,0.028
0.5,0.3,3.68,1.469,6.02,2.912,0.079,0.02,0.05,0.016
0.5,0.3,3.68,1.58,6.79,2.858,0.07,0.019,0.046,0.015
0.5,0.3,3.31,1.521,6.28,2.793,0.072,0.034,0.05,0.025
0.5,0.3,3.46,1.59,6.51,2.629,0.064,0.035,0.042,0.023
0.5,0.3,4.0,1.49,7.42,2.43,0.074,0.027,0.049,0.024
0.5,0.3,3.3,1.507,6.42,2.658,0.059,0.031,0.037,0.023
0.5,0.4,3.75,1.417,6.31,2.82,0.086,0.04,0.057,0.027
0.5,0.4,3.45,1.841,5.78,2.652,0.076,0.033,0.049,0.022
0.5,0.4,3.36,1.578,5.88,2.669,0.097,0.042,0.068,0.03
0.5,0.4,3.55,1.676,5.97,2.647,0.081,0.029,0.055,0.021
0.5,0.4,3.53,1.539,5.91,2.458,0.089,0.044,0.057,0.033
0.5,0.4,3.42,1.57,4.89,2.502,0.108,0.036,0.074,0.024
0.5,0.4,3.29,1.589,5.87,2.741,0.077,0.032,0.049,0.021
0.5,0.4,3.79,1.499,5.96,2.607,0.091,0.04,0.059,0.026
0.5,0.4,3.28,1.65,5.41,2.627,0.084,0.027,0.051,0.018
0.5,0.4,3.43,1.551,6.52,2.655,0.079,0.032,0.055,0.022
0.5,0.5,3.41,1.65,5.24,2.75,0.107,0.037,0.071,0.027
0.5,0.5,3.12,1.545,4.18,2.321,0.11,0.04,0.07,0.019
0.5,0.5,3.29,1.687,4.62,2.357,0.102,0.03,0.063,0.024
0.5,0.5,2.81,1.541,3.67,2.088,0.096,0.034,0.056,0.025
0.5,0.5,3.51,1.572,5.12,2.471,0.098,0.049,0.061,0.03
0.5,0.5,3.37,1.433,5.0,2.354,0.096,0.029,0.055,0.019
0.5,0.5,2.79,1.423,4.55,2.515,0.083,0.035,0.046,0.027
0.5,0.5,3.08,1.598,4.38,2.344,0.113,0.038,0.071,0.028
0.5,0.5,3.7,1.652,5.19,2.752,0.129,0.039,0.09,0.026
0.5,0.5,3.5,1.5,4.75,2.273,0.137,0.037,0.093,0.024
0.5,0.6,3.27,1.406,3.99,2.243,0.124,0.055,0.077,0.035
0.5,0.6,2.9,1.411,3.93,2.141,0.108,0.045,0.067,0.025
0.5,0.6,2.96,1.568,3.65,1.936,0.114,0.017,0.066,0.01
0.5,0.6,2.92,1.566,3.69,2.257,0.088,0.017,0.046,0.011
0.5,0.6,3.06,1.586,3.91,2.25,0.091,0.022,0.049,0.016
0.5,0.6,2.84,1.501,3.54,2.017,0.099,0.022,0.055,0.016
0.5,0.6,3.69,1.82,3.97,2.179,0.129,0.054,0.074,0.034
0.5,0.6,3.45,1.633,4.39,2.126,0.113,0.038,0.061,0.026
0.5,0.6,2.95,1.299,3.99,2.109,0.08,0.017,0.042,0.014
0.5,0.6,3.51,1.565,4.49,2.369,0.142,0.057,0.094,0.038
0.5,0.7,2.76,1.471,3.14,1.882,0.127,0.026,0.074,0.019
0.5,0.7,3.1,1.546,3.56,1.961,0.129,0.033,0.072,0.023
0.5,0.7,3.07,1.416,3.61,1.974,0.108,0.035,0.052,0.024
0.5,0.7,2.66,1.328,3.07,1.734,0.122,0.018,0.071,0.01
0.5,0.7,2.77,1.377,3.5,2.027,0.099,0.022,0.05,0.013
0.5,0.7,2.61,1.428,3.05,1.951,0.111,0.03,0.06,0.02
0.5,0.7,3.0,1.47,3.87,2.176,0.133,0.053,0.08,0.038
0.5,0.7,2.99,1.396,3.55,1.862,0.115,0.037,0.063,0.023
0.5,0.7,2.93,1.498,3.25,2.183,0.102,0.035,0.051,0.021
0.5,0.7,2.74,1.433,3.28,1.738,0.107,0.016,0.054,0.014
0.5,0.8,2.58,1.38,2.77,1.654,0.123,0.027,0.062,0.015
0.5,0.8,2.83,1.504,3.18,1.868,0.119,0.048,0.064,0.028
0.5,0.8,2.87,1.376,3.46,1.987,0.111,0.021,0.058,0.016
0.5,0.8,2.65,1.424,2.95,2.224,0.116,0.05,0.062,0.029
0.5,0.8,3.02,1.449,3.47,1.735,0.125,0.032,0.068,0.021
0.5,0.8,3.07,1.437,3.55,2.046,0.123,0.027,0.071,0.017
0.5,0.8,2.85,1.492,3.21,1.956,0.105,0.024,0.054,0.017
0.5,0.8,2.69,1.347,3.38,1.943,0.108,0.039,0.055,0.025
0.5,0.8,3.3,1.539,3.83,2.122,0.137,0.049,0.083,0.035
0.5,0.8,2.83,1.249,3.14,1.581,0.103,0.025,0.053,0.017
0.5,0.9,2.64,1.323,3.17,1.85,0.097,0.016,0.048,0.011
0.5,0.9,2.67,1.379,2.89,1.822,0.096,0.027,0.046,0.017
0.5,0.9,2.81,1.515,3.27,2.044,0.105,0.028,0.055,0.015
0.5,0.9,2.39,1.28,2.22,1.432,0.118,0.026,0.06,0.013
0.5,0.9,2.69,1.324,2.94,1.642,0.111,0.022,0.058,0.012
0.5,0.9,2.51,1.253,2.72,1.638,0.118,0.023,0.06,0.012
0.5,0.9,2.52,1.411,2.8,1.833,0.105,0.038,0.053,0.024
0.5,0.9,2.32,1.216,2.52,1.836,0.095,0.02,0.046,0.014
0.5,0.9,2.79,1.388,2.81,1.695,0.116,0.028,0.058,0.017
0.5,0.9,2.72,1.436,2.79,1.846,0.114,0.048,0.06,0.031
0.5,1.0,2.54,1.345,2.51,1.597,0.107,0.037,0.053,0.021
0.5,1.0,2.47,1.253,2.73,1.708,0.09,0.027,0.044,0.016
0.5,1.0,2.69,1.347,3.2,1.778,0.102,0.019,0.042,0.011
0.5,1.0,2.6,1.463,2.45,1.431,0.114,0.03,0.062,0.018
0.5,1.0,2.86,1.421,3.08,1.719,0.104,0.027,0.051,0.017
0.5,1.0,2.47,1.338,2.84,1.528,0.097,0.021,0.047,0.013
0.5,1.0,2.7,1.404,3.27,1.799,0.093,0.033,0.046,0.02
0.5,1.0,2.9,1.404,3.12,1.757,0.121,0.024,0.064,0.012
0.5,1.0,2.55,1.452,2.62,1.759,0.107,0.035,0.051,0.021
0.5,1.0,2.38,1.147,2.78,1.559,0.101,0.037,0.043,0.02
0.6,0.0,4.22,1.597,8.72,2.502,0.069,0.048,0.064,0.033
0.6,0.0,3.79,1.596,8.75,2.137,0.049,0.039,0.04,0.033
0.6,0.0,3.99,1.591,9.25,2.487,0.05,0.064,0.04,0.047
0.6,0.0,4.09,1.613,9.24,2.341,0.042,0.063,0.034,0.047
0.6,0.0,3.77,1.427,9.53,2.484,0.057,0.07,0.049,0.053
0.6,0.0,4.02,1.523,9.03,2.291,0.059,0.052,0.049,0.037
0.6,0.0,4.16,1.541,9.52,2.722,0.063,0.053,0.058,0.039
0.6,0.0,3.81,1.468,9.47,2.33,0.052,0.052,0.044,0.038
0.6,0.0,3.92,1.514,9.17,2.103,0.047,0.046,0.04,0.035
0.6,0.0,3.92,1.474,9.41,2.141,0.036,0.057,0.029,0.044
0.6,0.1,3.81,1.521,8.87,2.633,0.058,0.063,0.046,0.045
0.6,0.1,3.52,1.729,8.6,2.709,0.04,0.03,0.03,0.022
0.6,0.1,3.89,1.593,8.23,2.553,0.033,0.025,0.03,0.016
0.6,0.1,3.73,1.529,8.52,2.563,0.056,0.044,0.045,0.032
0.6,0.1,3.51,1.64,7.91,2.695,0.028,0.03,0.022,0.021
0.6,0.1,3.75,1.492,8.87,2.536,0.035,0.032,0.03,0.025
0.6,0.1,3.5,1.48,8.35,2.624,0.054,0.034,0.044,0.027
0.6,0.1,3.62,1.434,8.58,2.662,0.037,0.029,0.032,0.022
0.6,0.1,3.68,1.529,8.89,2.494,0.054,0.033,0.044,0.025
0.6,0.1,3.8,1.442,9.34,2.706,0.047,0.034,0.04,0.026
0.6,0.2,3.6,1.612,7.86,2.874,0.037,0.031,0.027,0.022
0.6,0.2,3.39,1.509,8.04,2.668,0.043,0.032,0.032,0.025
0.6,0.2,3.57,1.498,7.33,2.874,0.049,0.043,0.033,0.026
0.6,0.2,3.81,1.666,7.72,2.75,0.059,0.048,0.037,0.039
0.6,0.2,3.59,1.761,7.69,2.792,0.041,0.027,0.03,0.02
0.6,0.2,3.35,1.396,6.22,2.886,0.075,0.033,0.05,0.022
0.6,0.2,3.43,1.43,7.4,2.534,0.044,0.025,0.029,0.017
0.6,0.2,3.68,1.561,7.33,2.909,0.054,0.034,0.038,0.024
0.6,0.2,3.35,1.459,6.03,2.7,0.088,0.026,0.059,0.018
0.6,0.2,3.77,1.434,7.77,3.006,0.072,0.049,0.059,0.036
0.6,0.3,3.77,1.654,6.23,3.01,0.097,0.035,0.069,0.027
0.6,0.3,3.58,1.491,5.51,2.762,0.113,0.032,0.076,0.025
0.6,0.3,3.59,1.668,5.39,2.675,0.089,0.04,0.055,0.028
0.6,0.3,3.25,1.664,6.06,2.956,0.084,0.052,0.06,0.036
0.6,0.3,3.18,1.639,6.1,2.837,0.082,0.042,0.057,0.028
0.6,0.3,3.84,1.598,6.48,2.632,0.088,0.035,0.059,0.025
0.6,0.3,3.65,1.584,6.77,2.894,0.071,0.035,0.047,0.026
0.6,0.3,3.38,1.455,6.27,2.537,0.064,0.034,0.042,0.02
0.6,0.3,3.17,1.556,5.51,2.681,0.087,0.033,0.051,0.022
0.6,0.3,3.36,1.565,5.89,2.724,0.087,0.03,0.057,0.021
0.6,0.4,3.07,1.505,4.15,2.418,0.117,0.031,0.074,0.025
0.6,0.4,3.16,1.573,4.69,2.626,0.089,0.042,0.049,0.029
0.6,0.4,3.41,1.53,4.7,2.659,0.113,0.06,0.072,0.037
0.6,0.4,3.72,1.463,4.85,2.491,0.146,0.034,0.1,0.02
0.6,0.4,3.11,1.536,4.89,2.576,0.09,0.047,0.055,0.027
0.6,0.4,3.28,1.477,5.03,2.532,0.1,0.043,0.06,0.033
0.6,0.4,3.38,1.561,4.78,2.448,0.098,0.022,0.061,0.019
0.6,0.4,3.12,1.602,4.4,2.319,0.117,0.051,0.077,0.039
0.6,0.4,3.32,1.599,4.88,2.455,0.106,0.056,0.069,0.037
0.6,0.4,3.41,1.692,4.72,2.676,0.108,0.041,0.066,0.026
0.6,0.5,3.01,1.526,3.58,2.281,0.131,0.054,0.081,0.03
0.6,0.5,3.02,1.385,4.13,2.283,0.12,0.048,0.068,0.032
0.6,0.5,3.15,1.532,4.01,2.071,0.103,0.03,0.053,0.023
0.6,0.5,2.55,1.337,2.97,1.921,0.109,0.034,0.06,0.02
0.6,0.5,2.55,1.438,3.55,2.075,0.1,0.026,0.055,0.019
0.6,0.5,3.39,1.58,4.67,2.333,0.088,0.019,0.043,0.014
0.6,0.5,2.8,1.673,4.04,2.222,0.084,0.027,0.046,0.019
0.6,0.5,3.29,1.745,4.25,2.422,0.089,0.04,0.05,0.027
0.6,0.5,3.11,1.561,4.4,2.191,0.102,0.038,0.06,0.03
0.6,0.5,3.2,1.6,3.69,2.058,0.164,0.061,0.106,0.037
0.6,0.6,2.74,1.404,3.08,1.901,0.108,0.025,0.053,0.016
0.6,0.6,2.8,1.393,3.16,1.917,0.103,0.029,0.054,0.016
0.6,0.6,2.98,1.428,3.84,1.963,0.112,0.016,0.06,0.01
0.6,0.6,3.18,1.664,3.84,2.305,0.092,0.036,0.047,0.021
0.6,0.6,3.02,1.709,3.75,2.007,0.089,0.046,0.048,0.032
0.6,0.6,2.77,1.42,3.45,2.017,0.097,0.033,0.047,0.022
0.6,0.6,2.51,1.382,2.92,1.73,0.102,0.021,0.053,0.017
0.6,0.6,2.55,1.396,2.9,1.847,0.1,0.03,0.051,0.017
0.6,0.6,2.71,1.558,2.89,1.76,0.12,0.039,0.066,0.022
0.6,0.6,2.73,1.462,3.04,1.995,0.107,0.026,0.055,0.018
0.6,0.7,2.74,1.346,2.94,1.548,0.104,0.025,0.045,0.017
0.6,0.7,2.71,1.478,3.02,1.897,0.124,0.037,0.063,0.019
0.6,0.7,2.89,1.555,3.03,1.682,0.103,0.032,0.053,0.019
0.6,0.7,2.77,1.427,3.03,1.621,0.103,0.031,0.053,0.019
0.6,0.7,2.46,1.352,2.87,1.809,0.107,0.036,0.055,0.021
0.6,0.7,2.91,1.524,2.84,1.604,0.124,0.034,0.062,0.021
0.6,0.7,2.51,1.411,2.7,1.808,0.1,0.024,0.051,0.019
0.6,0.7,2.61,1.462,2.84,1.815,0.123,0.034,0.062,0.021
0.6,0.7,2.42,1.305,2.89,1.902,0.098,0.033,0.044,0.017
0.6,0.7,2.67,1.45,2.85,1.658,0.114,0.02,0.06,0.012
0.6,0.8,2.19,1.172,2.25,1.381,0.122,0.028,0.055,0.017
0.6,0.8,2.37,1.324,2.54,1.479,0.103,0.025,0.052,0.017
0.6,0.8,2.53,1.352,2.83,1.744,0.105,0.022,0.049,0.012
0.6,0.8,2.57,1.387,2.67,1.662,0.114,0.031,0.06,0.018
0.6,0.8,2.39,1.28,2.32,1.574,0.1,0.023,0.046,0.013
0.6,0.8,2.42,1.524,2.13,1.426,0.124,0.021,0.069,0.011
0.6,0.8,2.47,1.212,2.6,1.523,0.109,0.028,0.05,0.016
0.6,0.8,2.53,1.367,2.66,1.698,0.143,0.028,0.075,0.017
0.6,0.8,2.63,1.39,2.41,1.613,0.122,0.012,0.064,0.008
0.6,0.8,2.26,1.397,2.0,1.549,0.12,0.025,0.061,0.013
0.6,0.9,2.4,1.265,2.24,1.394,0.112,0.022,0.056,0.014
0.6,0.9,2.4,1.217,2.27,1.455,0.101,0.019,0.047,0.011
0.6,0.9,2.39,1.37,2.16,1.515,0.124,0.022,0.061,0.013
0.6,0.9,2.43,1.358,2.12,1.478,0.114,0.033,0.057,0.021
0.6,0.9,2.44,1.359,2.54,1.676,0.121,0.045,0.059,0.025
0.6,0.9,2.46,1.236,2.26,1.39,0.139,0.017,0.067,0.012
0.6,0.9,2.7,1.375,2.32,1.555,0.135,0.033,0.072,0.018
0.6,0.9,2.3,1.277,2.36,1.628,0.125,0.023,0.065,0.015
0.6,0.9,2.9,1.453,2.71,1.519,0.139,0.042,0.071,0.029
0.6,0.9,2.32,1.272,2.22,1.566,0.099,0.032,0.048,0.02
0.6,1.0,2.2,1.217,2.08,1.398,0.111,0.024,0.049,0.014
0.6,1.0,2.35,1.322,2.44,1.675,0.108,0.035,0.051,0.022
0.6,1.0,2.25,1.417,2.27,1.469,0.108,0.05,0.051,0.028
0.6,1.0,2.51,1.439,2.27,1.587,0.131,0.024,0.07,0.014
0.6,1.0,2.57,1.351,2.7,1.513,0.11,0.029,0.053,0.016
0.6,1.0,2.42,1.387,2.32,1.661,0.123,0.026,0.058,0.019
0.6,1.0,2.3,1.229,2.09,1.401,0.12,0.025,0.053,0.015
0.6,1.0,2.34,1.282,2.18,1.359,0.109,0.03,0.046,0.017
0.6,1.0,2.44,1.409,2.09,1.517,0.129,0.029,0.065,0.017
0.6,1.0,2.01,1.153,1.93,1.251,0.122,0.021,0.06,0.013
0.7,0.0,3.87,1.419,8.84,2.509,0.063,0.072,0.053,0.056
0.7,0.0,3.97,1.559,8.6,2.379,0.056,0.039,0.045,0.028
0.7,0.0,3.91,1.47,9.14,2.245,0.056,0.04,0.047,0.03
0.7,0.0,4.02,1.581,9.3,2.524,0.06,0.053,0.059,0.035
0.7,0.0,3.93,1.512,9.01,2.189,0.064,0.045,0.065,0.026
0.7,0.0,4.0,1.606,9.1,2.274,0.058,0.057,0.046,0.045
0.7,0.0,3.99,1.345,9.51,2.322,0.049,0.045,0.04,0.035
0.7,0.0,3.67,1.656,8.44,2.601,0.061,0.032,0.062,0.015
0.7,0.0,3.81,1.508,8.44,2.495,0.055,0.054,0.044,0.039
0.7,0.0,4.02,1.356,9.46,2.472,0.058,0.075,0.047,0.058
0.7,0.1,3.66,1.681,8.59,2.822,0.034,0.02,0.021,0.017
0.7,0.1,3.74,1.659,9.04,2.702,0.047,0.04,0.038,0.029
0.7,0.1,3.9,1.513,8.32,2.701,0.061,0.072,0.042,0.056
0.7,0.1,3.31,1.495,7.5,2.7,0.035,0.031,0.025,0.024
0.7,0.1,3.63,1.804,8.03,2.567,0.048,0.052,0.033,0.038
0.7,0.1,3.58,1.491,8.31,2.603,0.038,0.032,0.029,0.02
0.7,0.1,4.13,1.566,8.12,2.721,0.079,0.053,0.07,0.036
0.7,0.1,3.9,1.513,9.54,2.459,0.052,0.033,0.051,0.026
0.7,0.1,4.07,1.589,8.18,2.725,0.074,0.081,0.063,0.06
0.7,0.1,3.69,1.659,7.19,2.745,0.055,0.043,0.04,0.031
0.7,0.2,3.56,1.444,7.07,2.736,0.072,0.022,0.048,0.017
0.7,0.2,3.75,1.728,6.95,2.736,0.093,0.049,0.061,0.038
0.7,0.2,3.55,1.571,6.48,2.484,0.087,0.027,0.053,0.019
0.7,0.2,3.73,1.782,7.09,2.585,0.068,0.038,0.045,0.03
0.7,0.2,3.79,1.545,7.09,2.454,0.067,0.031,0.045,0.025
0.7,0.2,3.71,1.728,7.11,2.963,0.088,0.04,0.063,0.029
0.7,0.2,3.38,1.434,6.08,2.603,0.068,0.031,0.04,0.023
0.7,0.2,3.45,1.499,6.45,2.826,0.065,0.024,0.04,0.02
0.7,0.2,3.5,1.526,6.45,2.621,0.064,0.036,0.046,0.025
0.7,0.2,3.39,1.555,6.5,2.644,0.051,0.034,0.034,0.023
0.7,0.3,3.65,1.558,7.39,3.066,0.06,0.032,0.039,0.022
0.7,0.3,3.33,1.537,6.29,2.899,0.06,0.038,0.037,0.026
0.7,0.3,3.7,1.52,6.36,2.651,0.087,0.048,0.058,0.032
0.7,0.3,3.27,1.455,5.2,2.631,0.095,0.051,0.065,0.038
0.7,0.3,3.44,1.458,5.13,2.536,0.086,0.047,0.053,0.03
0.7,0.3,3.12,1.602,4.47,2.435,0.092,0.046,0.052,0.032
0.7,0.3,3.54,1.577,6.51,2.798,0.093,0.044,0.065,0.033
0.7,0.3,3.46,1.552,5.63,2.866,0.073,0.04,0.042,0.026
0.7,0.3,3.56,1.538,6.26,2.674,0.091,0.046,0.058,0.032
0.7,0.3,3.26,1.467,5.78,2.838,0.07,0.033,0.036,0.019
0.7,0.4,3.09,1.517,4.13,2.394,0.122,0.019,0.073,0.011
0.7,0.4,3.11,1.643,3.69,1.885,0.129,0.051,0.078,0.034
0.7,0.4,3.62,1.468,5.93,2.479,0.101,0.034,0.068,0.023
0.7,0.4,3.19,1.573,3.89,1.964,0.115,0.045,0.065,0.03
0.7,0.4,3.29,1.43,5.27,2.485,0.097,0.03,0.058,0.022
0.7,0.4,3.32,1.731,4.63,2.614,0.099,0.052,0.061,0.032
0.7,0.4,3.25,1.615,3.98,2.341,0.12,0.04,0.071,0.029
0.7,0.4,3.3,1.584,4.82,2.463,0.095,0.028,0.058,0.021
0.7,0.4,3.2,1.612,5.59,2.608,0.078,0.039,0.053,0.027
0.7,0.4,2.95,1.452,3.81,2.428,0.101,0.034,0.055,0.022
0.7,0.5,2.72,1.563,3.41,2.079,0.092,0.025,0.047,0.014
0.7,0.5,2.58,1.511,3.49,2.193,0.072,0.026,0.036,0.019
0.7,0.5,3.15,1.486,4.09,2.21,0.132,0.046,0.079,0.03
0.7,0.5,2.93,1.551,3.43,1.845,0.094,0.033,0.048,0.022
0.7,0.5,2.83,1.47,3.14,1.715,0.111,0.036,0.056,0.021
0.7,0.5,2.57,1.409,2.67,1.732,0.11,0.03,0.053,0.019
0.7,0.5,2.71,1.351,3.4,2.218,0.112,0.027,0.058,0.018
0.7,0.5,3.29,1.499,3.77,2.244,0.141,0.043,0.08,0.029
0.7,0.5,2.49,1.315,3.71,2.483,0.081,0.027,0.042,0.017
0.7,0.5,2.94,1.586,3.4,2.131,0.117,0.039,0.067,0.027
0.7,0.6,2.8,1.421,2.74,1.622,0.137,0.024,0.072,0.016
0.7,0.6,2.56,1.219,2.74,1.585,0.094,0.037,0.046,0.023
0.7,0.6,2.78,1.487,2.64,1.83,0.111,0.031,0.061,0.019
0.7,0.6,2.5,1.3,2.57,1.564,0.113,0.044,0.056,0.028
0.7,0.6,2.68,1.476,2.81,1.787,0.105,0.031,0.054,0.016
0.7,0.6,2.67,1.537,2.66,1.557,0.11,0.027,0.057,0.015
0.7,0.6,2.5,1.33,2.85,1.652,0.119,0.035,0.061,0.02
0.7,0.6,2.57,1.387,2.71,1.57,0.111,0.026,0.053,0.015
0.7,0.6,2.73,1.37,2.58,1.511,0.112,0.032,0.054,0.02
0.7,0.6,2.71,1.416,2.8,1.575,0.104,0.032,0.054,0.018
0.7,0.7,2.6,1.393,2.43,1.38,0.094,0.022,0.042,0.016
0.7,0.7,2.24,1.35,2.35,1.841,0.102,0.017,0.054,0.012
0.7,0.7,2.38,1.406,2.35,1.652,0.125,0.026,0.063,0.014
0.7,0.7,2.63,1.293,2.66,1.563,0.114,0.032,0.053,0.019
0.7,0.7,2.23,1.232,2.23,1.548,0.104,0.023,0.048,0.01
0.7,0.7,2.38,1.255,2.47,1.621,0.088,0.029,0.04,0.019
0.7,0.7,2.55,1.26,2.6,1.523,0.13,0.024,0.065,0.017
0.7,0.7,2.36,1.253,2.33,1.569,0.121,0.038,0.054,0.02
0.7,0.7,2.08,1.286,2.04,1.248,0.104,0.03,0.05,0.02
0.7,0.7,2.48,1.353,2.34,1.387,0.117,0.03,0.057,0.018
0.7,0.8,2.42,1.193,2.3,1.446,0.111,0.027,0.053,0.013
0.7,0.8,2.46,1.33,2.27,1.561,0.13,0.023,0.061,0.011
0.7,0.8,2.28,1.335,2.08,1.44,0.115,0.021,0.057,0.012
0.7,0.8,2.55,1.359,2.14,1.407,0.149,0.057,0.071,0.027
0.7,0.8,2.14,1.2,2.05,1.374,0.125,0.023,0.061,0.015
0.7,0.8,2.3,1.3,2.19,1.554,0.133,0.027,0.066,0.018
0.7,0.8,2.42,1.394,2.32,1.448,0.111,0.024,0.05,0.012
0.7,0.8,2.38,1.223,2.1,1.338,0.122,0.038,0.057,0.021
0.7,0.8,2.11,1.085,1.97,1.253,0.116,0.038,0.053,0.018
0.7,0.8,2.2,1.241,2.11,1.272,0.122,0.037,0.063,0.022
0.7,0.9,2.14,1.289,2.03,1.41,0.131,0.023,0.062,0.013
0.7,0.9,2.36,1.188,2.14,1.414,0.129,0.033,0.06,0.016
0.7,0.9,2.2,1.14,2.05,1.352,0.116,0.017,0.052,0.009
0.7,0.9,2.09,1.201,1.8,1.304,0.124,0.033,0.06,0.019
0.7,0.9,2.34,1.267,2.0,1.393,0.133,0.036,0.07,0.021
0.7,0.9,2.26,1.339,1.91,1.394,0.136,0.036,0.065,0.02
0.7,0.9,2.22,1.188,1.98,1.385,0.116,0.029,0.054,0.015
0.7,0.9,2.09,1.25,1.91,1.342,0.141,0.03,0.071,0.021
0.7,0.9,2.33,1.249,2.06,1.198,0.128,0.022,0.055,0.017
0.7,0.9,2.23,1.272,2.04,1.272,0.147,0.027,0.069,0.016
0.7,1.0,2.22,1.262,1.96,1.288,0.127,0.022,0.061,0.013
0.7,1.0,2.25,1.211,1.92,1.332,0.148,0.037,0.071,0.02
0.7,1.0,1.98,1.149,1.87,1.405,0.099,0.023,0.043,0.013
0.7,1.0,2.13,1.155,1.93,1.151,0.131,0.019,0.063,0.011
0.7,1.0,2.29,1.235,2.03,1.187,0.128,0.025,0.061,0.016
0.7,1.0,2.29,1.227,2.04,1.399,0.128,0.027,0.055,0.013
0.7,1.0,2.36,1.308,2.14,1.386,0.123,0.027,0.058,0.016
0.7,1.0,2.36,1.269,2.0,1.233,0.115,0.028,0.051,0.014
0.7,1.0,2.18,1.195,1.87,1.27,0.138,0.029,0.06,0.017
0.7,1.0,1.89,1.104,1.68,1.303,0.133,0.038,0.062,0.019
0.8,0.0,4.0,1.556,9.22,2.356,0.062,0.037,0.051,0.029
0.8,0.0,3.97,1.431,8.68,2.485,0.07,0.059,0.059,0.043
0.8,0.0,3.83,1.477,8.49,2.291,0.061,0.045,0.049,0.037
0.8,0.0,3.33,1.422,8.91,2.581,0.047,0.05,0.041,0.035
0.8,0.0,4.19,1.671,9.13,2.257,0.068,0.05,0.066,0.031
0.8,0.0,3.77,1.535,8.65,2.325,0.068,0.078,0.056,0.059
0.8,0.0,4.04,1.536,8.86,2.561,0.043,0.029,0.032,0.025
0.8,0.0,3.95,1.479,8.51,2.784,0.072,0.041,0.058,0.031
0.8,0.0,3.71,1.57,8.66,2.566,0.064,0.049,0.052,0.034
0.8,0.0,3.78,1.46,8.74,2.484,0.042,0.029,0.035,0.025
0.8,0.1,3.77,1.599,7.89,2.701,0.06,0.044,0.047,0.033
0.8,0.1,3.91,1.698,8.38,2.831,0.059,0.039,0.043,0.034
0.8,0.1,4.05,1.584,8.54,2.5,0.077,0.056,0.062,0.043
0.8,0.1,3.63,1.426,7.98,2.482,0.037,0.028,0.027,0.023
0.8,0.1,4.07,1.681,8.98,2.358,0.034,0.046,0.029,0.034
0.8,0.1,3.8,1.568,8.44,2.794,0.051,0.045,0.039,0.032
0.8,0.1,3.64,1.54,7.93,2.736,0.038,0.029,0.027,0.02
0.8,0.1,3.83,1.588,7.77,2.712,0.068,0.039,0.043,0.032
0.8,0.1,3.74,1.433,8.6,2.778,0.039,0.032,0.034,0.025
0.8,0.1,3.39,1.618,7.48,2.476,0.055,0.045,0.039,0.032
0.8,0.2,3.47,1.652,5.59,2.62,0.086,0.034,0.059,0.024
0.8,0.2,3.72,1.68,7.04,2.713,0.073,0.044,0.049,0.033
0.8,0.2,3.37,1.501,6.28,3.014,0.068,0.052,0.048,0.035
0.8,0.2,3.79,1.359,6.05,2.714,0.094,0.058,0.06,0.043
0.8,0.2,3.69,1.534,7.06,3.098,0.06,0.037,0.043,0.023
0.8,0.2,3.41,1.613,7.1,2.958,0.048,0.033,0.033,0.023
0.8,0.2,3.1,1.52,5.3,2.726,0.08,0.039,0.047,0.023
0.8,0.2,3.08,1.508,5.41,2.669,0.096,0.047,0.062,0.031
0.8,0.2,3.47,1.682,6.49,2.625,0.087,0.036,0.059,0.024
0.8,0.2,3.29,1.444,6.09,3.004,0.073,0.033,0.043,0.02
0.8,0.3,3.19,1.426,5.04,2.494,0.087,0.043,0.052,0.028
0.8,0.3,3.28,1.357,5.22,2.682,0.103,0.049,0.065,0.034
0.8,0.3,3.34,1.471,5.26,2.726,0.101,0.037,0.064,0.018
0.8,0.3,3.52,1.565,4.76,2.486,0.119,0.072,0.077,0.049
0.8,0.3,3.0,1.456,4.54,2.385,0.094,0.035,0.051,0.023
0.8,0.3,3.0,1.536,3.99,2.283,0.103,0.035,0.064,0.025
0.8,0.3,3.26,1.453,4.78,2.419,0.083,0.035,0.043,0.024
0.8,0.3,3.08,1.398,5.15,2.67,0.097,0.03,0.062,0.021
0.8,0.3,3.3,1.572,5.95,2.758,0.078,0.03,0.045,0.022
0.8,0.3,3.42,1.544,4.88,2.747,0.124,0.052,0.085,0.035
0.8,0.4,2.85,1.59,3.77,2.167,0.102,0.03,0.055,0.017
0.8,0.4,2.62,1.413,2.92,1.787,0.099,0.031,0.048,0.021
0.8,0.4,2.8,1.456,3.4,1.985,0.124,0.038,0.072,0.024
0.8,0.4,3.01,1.432,4.63,2.301,0.097,0.044,0.052,0.028
0.8,0.4,2.8,1.536,3.65,2.59,0.099,0.031,0.052,0.02
0.8,0.4,3.51,1.609,4.04,2.236,0.148,0.042,0.094,0.03
0.8,0.4,2.86,1.631,3.75,2.385,0.094,0.039,0.045,0.025
0.8,0.4,2.76,1.394,3.33,2.04,0.104,0.029,0.052,0.018
0.8,0.4,2.95,1.438,3.59,1.844,0.108,0.027,0.056,0.018
0.8,0.4,2.75,1.396,3.13,1.776,0.092,0.023,0.044,0.014
0.8,0.5,2.71,1.402,3.24,1.95,0.108,0.04,0.055,0.022
0.8,0.5,2.57,1.366,2.73,1.666,0.095,0.029,0.046,0.015
0.8,0.5,2.75,1.506,3.01,1.9,0.119,0.032,0.059,0.022
0.8,0.5,2.57,1.373,2.75,1.577,0.106,0.03,0.05,0.017
0.8,0.5,2.5,1.533,2.61,2.039,0.109,0.032,0.057,0.021
0.8,0.5,2.39,1.37,2.73,1.969,0.109,0.035,0.053,0.023
0.8,0.5,2.76,1.457,2.96,1.876,0.094,0.02,0.04,0.013
0.8,0.5,2.54,1.403,2.45,1.403,0.11,0.026,0.049,0.016
0.8,0.5,2.62,1.441,3.16,1.864,0.104,0.028,0.049,0.018
0.8,0.5,2.62,1.406,2.92,1.885,0.092,0.033,0.041,0.02
0.8,0.6,2.56,1.299,2.42,1.372,0.114,0.034,0.052,0.019
0.8,0.6,2.51,1.396,2.49,1.552,0.117,0.03,0.056,0.017
0.8,0.6,2.26,1.137,2.29,1.298,0.115,0.029,0.054,0.017
0.8,0.6,2.59,1.342,2.61,1.593,0.105,0.03,0.048,0.018
0.8,0.6,2.19,1.146,2.11,1.428,0.115,0.026,0.056,0.015
0.8,0.6,2.42,1.358,2.56,1.472,0.113,0.035,0.052,0.02
0.8,0.6,2.55,1.381,2.91,2.05,0.116,0.026,0.055,0.017
0.8,0.6,2.21,1.306,2.02,1.414,0.13,0.024,0.066,0.011
0.8,0.6,2.59,1.289,2.72,1.401,0.111,0.024,0.05,0.016
0.8,0.6,2.5,1.269,2.29,1.291,0.133,0.028,0.068,0.017
0.8,0.7,2.29,1.243,2.04,1.399,0.117,0.025,0.053,0.015
0.8,0.7,2.1,1.145,1.89,1.288,0.112,0.024,0.053,0.01
0.8,0.7,2.32,1.37,2.16,1.515,0.113,0.026,0.053,0.013
0.8,0.7,2.31,1.294,2.21,1.321,0.113,0.022,0.056,0.017
0.8,0.7,2.3,1.118,2.03,1.345,0.131,0.036,0.055,0.019
0.8,0.7,2.15,1.252,2.1,1.269,0.099,0.031,0.049,0.019
0.8,0.7,2.3,1.338,2.06,1.548,0.122,0.036,0.061,0.019
0.8,0.7,2.3,1.153,2.14,1.349,0.126,0.034,0.057,0.018
0.8,0.7,2.58,1.43,2.41,1.524,0.119,0.029,0.051,0.018
0.8,0.7,2.4,1.225,2.14,1.51,0.131,0.036,0.058,0.021
0.8,0.8,2.17,1.249,1.88,1.259,0.14,0.038,0.063,0.021
0.8,0.8,2.47,1.253,2.23,1.341,0.131,0.023,0.056,0.013
0.8,0.8,2.22,1.293,1.93,1.465,0.122,0.029,0.05,0.02
0.8,0.8,2.49,1.404,2.24,1.379,0.139,0.039,0.062,0.022
0.8,0.8,2.25,1.244,1.87,1.278,0.113,0.032,0.044,0.02
0.8,0.8,2.16,1.093,1.83,1.175,0.114,0.033,0.045,0.015
0.8,0.8,2.39,1.104,2.18,1.22,0.125,0.035,0.052,0.019
0.8,0.8,2.25,1.108,2.03,1.33,0.121,0.036,0.053,0.019
0.8,0.8,1.94,1.139,1.72,1.201,0.122,0.016,0.06,0.012
0.8,0.8,2.31,1.222,1.97,1.315,0.116,0.028,0.056,0.015
0.8,0.9,2.34,1.151,1.97,1.261,0.147,0.026,0.069,0.015
0.8,0.9,1.94,1.037,1.64,1.331,0.117,0.019,0.054,0.012
0.8,0.9,2.36,1.253,2.11,1.272,0.112,0.029,0.052,0.02
0.8,0.9,2.15,1.117,1.84,1.231,0.151,0.025,0.067,0.017
0.8,0.9,2.28,1.105,1.9,1.315,0.121,0.037,0.052,0.016
0.8,0.9,2.17,1.297,1.71,1.298,0.143,0.026,0.072,0.012
0.8,0.9,2.17,1.209,1.79,1.194,0.138,0.028,0.064,0.021
0.8,0.9,2.17,1.209,1.8,1.265,0.146,0.038,0.067,0.022
0.8,0.9,2.22,1.293,1.8,1.273,0.139,0.027,0.071,0.018
0.8,0.9,2.21,1.251,1.85,1.195,0.129,0.027,0.063,0.017
0.8,1.0,2.32,1.224,2.02,1.311,0.119,0.028,0.054,0.015
0.8,1.0,2.29,1.202,2.0,1.311,0.159,0.031,0.07,0.016
0.8,1.0,2.2,1.122,1.95,1.344,0.137,0.027,0.063,0.018
0.8,1.0,1.99,1.187,1.86,1.2,0.128,0.024,0.058,0.014
0.8,1.0,2.31,1.239,1.92,1.23,0.144,0.026,0.064,0.015
0.8,1.0,1.97,1.135,1.69,1.172,0.144,0.031,0.064,0.021
0.8,1.0,2.22,1.188,1.9,1.33,0.136,0.023,0.061,0.016
0.8,1.0,2.22,1.136,2.05,1.152,0.143,0.02,0.067,0.015
0.8,1.0,2.24,1.176,2.15,1.276,0.125,0.022,0.051,0.009
0.8,1.0,2.41,1.141,2.12,1.336,0.127,0.029,0.058,0.018
0.9,0.0,3.8,1.594,8.5,2.427,0.031,0.02,0.022,0.019
0.9,0.0,4.16,1.547,8.82,2.574,0.059,0.043,0.046,0.033
0.9,0.0,3.9,1.597,8.32,2.374,0.083,0.061,0.076,0.045
0.9,0.0,4.1,1.411,8.52,2.571,0.065,0.057,0.05,0.044
0.9,0.0,4.01,1.493,9.13,2.314,0.05,0.063,0.039,0.048
0.9,0.0,4.01,1.546,9.09,2.498,0.054,0.06,0.042,0.045
0.9,0.0,3.67,1.429,8.44,2.483,0.047,0.031,0.039,0.024
0.9,0.0,3.83,1.575,9.06,2.457,0.039,0.03,0.031,0.023
0.9,0.0,3.6,1.697,7.54,2.689,0.034,0.028,0.024,0.021
0.9,0.0,3.96,1.549,9.31,2.352,0.051,0.048,0.042,0.04
0.9,0.1,3.56,1.651,8.2,2.379,0.048,0.043,0.036,0.033
0.9,0.1,3.28,1.497,7.13,2.436,0.047,0.023,0.033,0.018
0.9,0.1,3.8,1.497,8.16,2.69,0.045,0.023,0.031,0.024
0.9,0.1,3.51,1.616,7.57,2.409,0.03,0.026,0.019,0.018
0.9,0.1,3.54,1.513,7.78,2.763,0.041,0.026,0.031,0.018
0.9,0.1,3.45,1.506,6.66,2.499,0.056,0.026,0.04,0.014
0.9,0.1,3.74,1.689,7.09,2.739,0.056,0.034,0.035,0.027
0.9,0.1,3.7,1.513,7.65,2.511,0.047,0.036,0.034,0.027
0.9,0.1,3.34,1.373,8.09,2.68,0.035,0.024,0.028,0.015
0.9,0.1,3.61,1.542,7.32,2.735,0.065,0.055,0.045,0.038
0.9,0.2,3.27,1.413,6.28,2.79,0.072,0.038,0.045,0.022
0.9,0.2,3.37,1.566,6.26,2.924,0.075,0.045,0.048,0.032
0.9,0.2,3.61,1.636,6.32,2.675,0.081,0.046,0.056,0.031
0.9,0.2,3.58,1.478,7.02,2.691,0.042,0.03,0.025,0.019
0.9,0.2,3.55,1.374,5.38,2.614,0.112,0.056,0.075,0.039
0.9,0.2,3.23,1.489,5.55,2.426,0.077,0.049,0.051,0.03
0.9,0.2,3.76,1.607,6.06,2.932,0.097,0.037,0.062,0.024
0.9,0.2,3.32,1.636,5.15,2.563,0.103,0.048,0.071,0.035
0.9,0.2,3.35,1.83,5.98,2.912,0.061,0.028,0.038,0.018
0.9,0.2,3.23,1.475,6.37,2.88,0.08,0.051,0.056,0.033
0.9,0.3,3.4,1.631,4.91,2.6,0.107,0.054,0.069,0.03
0.9,0.3,3.64,1.682,5.08,2.407,0.106,0.059,0.062,0.042
0.9,0.3,3.11,1.574,5.01,2.67,0.096,0.046,0.054,0.034
0.9,0.3,3.49,1.591,4.93,2.677,0.13,0.033,0.084,0.025
0.9,0.3,2.89,1.435,4.76,2.724,0.083,0.033,0.049,0.02
0.9,0.3,2.89,1.392,4.73,2.493,0.077,0.049,0.041,0.028
0.9,0.3,3.31,1.508,4.89,2.596,0.101,0.043,0.059,0.029
0.9,0.3,3.15,1.532,4.38,2.13,0.076,0.044,0.042,0.029
0.9,0.3,3.01,1.546,4.44,2.372,0.086,0.031,0.041,0.023
0.9,0.3,2.99,1.584,5.26,3.091,0.08,0.048,0.046,0.031
0.9,0.4,2.77,1.542,3.28,1.812,0.089,0.02,0.043,0.012
0.9,0.4,2.85,1.367,3.94,2.271,0.101,0.044,0.048,0.026
0.9,0.4,3.03,1.526,3.76,2.268,0.095,0.022,0.044,0.016
0.9,0.4,2.8,1.4,4.31,2.419,0.091,0.036,0.049,0.023
0.9,0.4,2.74,1.572,3.13,1.73,0.106,0.019,0.055,0.012
0.9,0.4,2.59,1.386,3.54,2.211,0.088,0.028,0.041,0.017
0.9,0.4,2.65,1.519,3.15,2.046,0.111,0.031,0.058,0.022
0.9,0.4,2.63,1.433,3.46,2.012,0.086,0.021,0.044,0.015
0.9,0.4,2.68,1.378,3.33,2.005,0.089,0.033,0.044,0.021
0.9,0.4,2.94,1.515,3.73,2.306,0.1,0.037,0.051,0.025
0.9,0.5,2.61,1.303,2.69,1.488,0.13,0.046,0.069,0.027
0.9,0.5,2.58,1.313,2.42,1.57,0.124,0.03,0.058,0.019
0.9,0.5,2.75,1.431,2.98,1.805,0.102,0.027,0.045,0.014
0.9,0.5,2.43,1.329,2.73,1.587,0.097,0.028,0.043,0.016
0.9,0.5,2.41,1.394,2.6,1.828,0.1,0.022,0.048,0.016
0.9,0.5,2.28,1.225,2.42,1.582,0.095,0.028,0.044,0.018
0.9,0.5,2.53,1.389,2.67,1.656,0.118,0.04,0.054,0.02
0.9,0.5,2.55,1.41,2.75,1.734,0.089,0.021,0.04,0.016
0.9,0.5,2.53,1.323,2.32,1.356,0.131,0.038,0.063,0.019
0.9,0.5,2.32,1.42,2.56,1.846,0.112,0.02,0.055,0.013
0.9,0.6,2.53,1.3,2.36,1.559,0.11,0.03,0.046,0.016
0.9,0.6,2.32,1.303,2.26,1.426,0.105,0.021,0.049,0.016
0.9,0.6,2.25,1.178,2.19,1.324,0.098,0.033,0.041,0.019
0.9,0.6,2.35,1.359,2.26,1.433,0.108,0.041,0.047,0.023
0.9,0.6,2.46,1.292,2.42,1.274,0.107,0.027,0.049,0.018
0.9,0.6,2.37,1.146,2.12,1.329,0.123,0.029,0.061,0.018
0.9,0.6,2.24,1.328,2.14,1.257,0.111,0.033,0.048,0.019
0.9,0.6,2.21,1.219,2.09,1.372,0.115,0.026,0.051,0.015
0.9,0.6,2.3,1.308,2.36,1.64,0.135,0.022,0.071,0.013
0.9,0.6,2.24,1.258,2.13,1.18,0.121,0.024,0.056,0.012
0.9,0.7,2.0,1.131,1.76,1.289,0.139,0.033,0.066,0.017
0.9,0.7,2.2,1.175,1.9,1.277,0.123,0.026,0.059,0.016
0.9,0.7,1.99,1.261,1.62,1.255,0.141,0.026,0.069,0.015
0.9,0.7,2.45,1.291,2.19,1.461,0.12,0.03,0.054,0.017
0.9,0.7,2.17,1.2,1.98,1.233,0.122,0.022,0.05,0.012
0.9,0.7,2.21,1.194,2.03,1.374,0.117,0.024,0.047,0.015
0.9,0.7,2.28,1.184,2.21,1.336,0.117,0.026,0.053,0.015
0.9,0.7,2.28,1.217,1.88,1.267,0.118,0.03,0.051,0.016
0.9,0.7,2.19,1.093,2.2,1.476,0.13,0.025,0.056,0.011
0.9,0.7,2.22,1.262,1.89,1.256,0.168,0.03,0.08,0.016
0.9,0.8,2.18,1.052,1.73,1.112,0.155,0.03,0.073,0.016
0.9,0.8,2.32,1.256,2.12,1.395,0.129,0.023,0.056,0.012
0.9,0.8,2.24,1.069,2.11,1.191,0.134,0.026,0.064,0.016
0.9,0.8,2.07,1.125,1.83,1.349,0.116,0.017,0.053,0.012
0.9,0.8,2.3,1.153,1.99,1.187,0.147,0.012,0.058,0.01
0.9,0.8,2.08,1.12,1.77,1.232,0.127,0.022,0.055,0.012
0.9,0.8,2.06,1.271,1.71,1.458,0.125,0.025,0.058,0.015
0.9,0.8,2.15,1.252,1.83,1.297,0.104,0.018,0.045,0.01
0.9,0.8,2.08,1.102,1.96,1.174,0.13,0.019,0.059,0.014
0.9,0.8,2.24,1.184,2.0,1.149,0.148,0.027,0.064,0.016
0.9,0.9,2.02,1.01,1.78,1.269,0.121,0.022,0.047,0.012
0.9,0.9,2.17,1.123,1.83,1.265,0.13,0.031,0.056,0.017
0.9,0.9,2.14,1.096,2.02,1.288,0.145,0.021,0.059,0.011
0.9,0.9,2.12,1.186,1.67,1.184,0.155,0.036,0.072,0.017
0.9,0.9,2.02,1.095,1.71,1.219,0.129,0.025,0.052,0.013
0.9,0.9,2.22,1.119,1.96,1.183,0.131,0.035,0.058,0.023
0.9,0.9,2.09,1.132,1.85,1.26,0.135,0.016,0.051,0.016
0.9,0.9,2.11,1.165,1.96,1.24,0.131,0.029,0.06,0.02
0.9,0.9,1.92,1.111,1.81,1.262,0.146,0.018,0.058,0.011
0.9,0.9,1.99,1.118,1.73,1.256,0.173,0.023,0.079,0.012
0.9,1.0,2.17,1.233,1.94,1.302,0.153,0.03,0.065,0.013
0.9,1.0,2.17,1.184,1.9,1.285,0.166,0.024,0.077,0.015
0.9,1.0,1.81,1.146,1.56,1.275,0.126,0.034,0.057,0.021
0.9,1.0,2.1,1.17,1.67,1.123,0.147,0.034,0.069,0.014
0.9,1.0,2.1,1.179,1.81,1.206,0.161,0.01,0.076,0.01
0.9,1.0,2.13,1.083,1.89,1.148,0.156,0.03,0.068,0.015
0.9,1.0,1.88,1.169,1.72,1.209,0.13,0.033,0.057,0.024
0.9,1.0,2.26,1.171,2.02,1.157,0.16,0.027,0.066,0.014
0.9,1.0,2.12,1.202,1.78,1.254,0.156,0.022,0.063,0.012
0.9,1.0,2.02,1.068,1.92,1.155,0.128,0.017,0.056,0.017
1.0,0.0,3.75,1.424,8.17,2.577,0.061,0.043,0.048,0.033
1.0,0.0,3.67,1.562,8.07,2.74,0.066,0.058,0.054,0.044
1.0,0.0,4.22,1.397,8.93,2.355,0.065,0.041,0.059,0.034
1.0,0.0,3.77,1.529,8.58,2.597,0.038,0.032,0.03,0.027
1.0,0.0,3.52,1.584,8.8,2.702,0.043,0.033,0.034,0.022
1.0,0.0,3.74,1.61,8.65,2.632,0.051,0.036,0.037,0.03
1.0,0.0,3.99,1.591,8.28,2.65,0.084,0.036,0.081,0.027
1.0,0.0,4.0,1.483,8.76,2.514,0.073,0.06,0.058,0.045
1.0,0.0,3.78,1.411,8.68,2.275,0.043,0.042,0.036,0.033
1.0,0.0,3.63,1.534,8.21,2.346,0.058,0.029,0.049,0.024
1.0,0.1,3.83,1.49,8.38,2.424,0.06,0.06,0.046,0.042
1.0,0.1,3.53,1.64,8.38,2.603,0.038,0.029,0.028,0.021
1.0,0.1,3.56,1.675,8.2,2.728,0.051,0.043,0.039,0.031
1.0,0.1,3.37,1.617,7.36,2.89,0.054,0.038,0.042,0.029
1.0,0.1,3.81,1.495,7.48,2.823,0.075,0.046,0.05,0.035
1.0,0.1,3.71,1.693,7.68,2.626,0.06,0.037,0.041,0.025
1.0,0.1,3.34,1.544,7.78,2.766,0.037,0.028,0.029,0.022
1.0,0.1,3.38,1.599,7.48,2.551,0.03,0.018,0.019,0.011
1.0,0.1,3.43,1.444,7.41,2.71,0.054,0.05,0.04,0.035
1.0,0.1,3.46,1.676,7.73,2.792,0.059,0.056,0.044,0.039
1.0,0.2,3.49,1.546,5.97,2.889,0.077,0.048,0.054,0.032
1.0,0.2,3.41,1.47,5.91,2.743,0.085,0.035,0.059,0.025
1.0,0.2,3.38,1.482,6.16,2.671,0.088,0.042,0.062,0.026
1.0,0.2,3.35,1.564,5.55,2.896,0.1,0.042,0.065,0.027
1.0,0.2,3.25,1.445,5.47,2.48,0.09,0.041,0.056,0.024
1.0,0.2,3.52,1.758,5.09,2.581,0.109,0.062,0.07,0.043
1.0,0.2,3.64,1.46,5.54,2.347,0.117,0.056,0.077,0.035
1.0,0.2,3.31,1.541,4.56,2.312,0.123,0.042,0.074,0.029
1.0,0.2,3.77,1.441,6.89,2.645,0.073,0.049,0.052,0.034
1.0,0.2,3.26,1.39,5.51,2.744,0.083,0.047,0.046,0.028
1.0,0.3,3.25,1.352,4.35,2.402,0.115,0.044,0.068,0.028
1.0,0.3,2.78,1.578,3.64,2.11,0.09,0.034,0.051,0.021
1.0,0.3,3.08,1.508,4.66,2.294,0.11,0.042,0.066,0.029
1.0,0.3,3.37,1.501,4.29,2.197,0.122,0.048,0.072,0.033
1.0,0.3,3.23,1.535,5.0,2.441,0.109,0.047,0.076,0.034
1.0,0.3,2.93,1.62,4.46,2.393,0.085,0.026,0.043,0.018
1.0,0.3,3.22,1.566,4.55,2.677,0.122,0.024,0.071,0.014
1.0,0.3,2.93,1.437,3.95,1.982,0.093,0.047,0.043,0.027
1.0,0.3,2.93,1.505,4.24,2.333,0.067,0.028,0.03,0.017
1.0,0.3,2.66,1.306,4.26,2.261,0.08,0.048,0.039,0.029
1.0,0.4,2.66,1.525,3.12,2.065,0.095,0.042,0.04,0.027
1.0,0.4,2.69,1.586,3.31,1.842,0.102,0.018,0.054,0.01
1.0,0.4,2.54,1.438,3.01,1.763,0.095,0.027,0.043,0.015
1.0,0.4,2.65,1.276,2.96,1.667,0.113,0.024,0.054,0.012
1.0,0.4,2.53,1.459,3.42,2.155,0.089,0.02,0.046,0.012
1.0,0.4,2.58,1.35,3.23,1.907,0.09,0.041,0.044,0.028
1.0,0.4,2.82,1.577,3.27,1.827,0.106,0.034,0.052,0.021
1.0,0.4,2.44,1.388,3.15,1.997,0.077,0.027,0.034,0.017
1.0,0.4,3.03,1.486,3.71,2.113,0.105,0.046,0.057,0.03
1.0,0.4,2.54,1.381,3.12,1.93,0.094,0.025,0.038,0.017
1.0,0.5,2.47,1.431,2.68,1.944,0.112,0.024,0.053,0.014
1.0,0.5,2.39,1.341,2.37,1.573,0.122,0.036,0.057,0.021
1.0,0.5,2.15,1.099,2.28,1.408,0.092,0.031,0.045,0.021
1.0,0.5,2.41,1.379,2.94,1.859,0.1,0.025,0.048,0.015
1.0,0.5,2.63,1.474,2.55,1.545,0.13,0.026,0.065,0.015
1.0,0.5,2.24,1.218,2.33,1.45,0.096,0.015,0.043,0.009
1.0,0.5,2.28,1.192,2.29,1.423,0.102,0.023,0.046,0.015
1.0,0.5,2.26,1.324,2.33,1.562,0.104,0.024,0.043,0.011
1.0,0.5,2.39,1.256,2.46,1.565,0.112,0.041,0.056,0.025
1.0,0.5,2.27,1.272,2.13,1.54,0.117,0.029,0.052,0.016
1.0,0.6,2.1,1.196,1.98,1.428,0.109,0.016,0.049,0.012
1.0,0.6,2.19,1.189,2.05,1.352,0.119,0.026,0.051,0.015
1.0,0.6,2.22,1.188,2.03,1.352,0.111,0.031,0.048,0.017
1.0,0.6,2.46,1.367,2.28,1.35,0.113,0.018,0.046,0.012
1.0,0.6,2.55,1.268,2.3,1.179,0.122,0.032,0.058,0.017
1.0,0.6,2.23,1.19,2.13,1.461,0.13,0.022,0.056,0.016
1.0,0.6,2.31,1.181,2.13,1.197,0.098,0.021,0.042,0.012
1.0,0.6,2.2,1.386,1.95,1.465,0.113,0.026,0.053,0.014
1.0,0.6,2.12,1.089,1.76,1.115,0.14,0.025,0.069,0.017
1.0,0.6,2.21,1.125,2.29,1.402,0.115,0.035,0.049,0.016
1.0,0.7,2.08,1.102,1.88,1.151,0.125,0.024,0.056,0.017
1.0,0.7,2.2,1.175,1.94,1.355,0.114,0.031,0.041,0.012
1.0,0.7,2.2,1.166,2.06,1.279,0.111,0.02,0.045,0.014
1.0,0.7,2.18,1.211,1.8,1.296,0.124,0.031,0.053,0.021
1.0,0.7,1.9,1.005,1.85,1.252,0.126,0.022,0.06,0.015
1.0,0.7,2.17,1.233,1.89,1.224,0.138,0.028,0.058,0.02
1.0,0.7,1.83,1.049,1.77,1.256,0.097,0.018,0.037,0.007
1.0,0.7,2.11,1.104,2.07,1.251,0.107,0.015,0.041,0.011
1.0,0.7,2.18,1.236,2.01,1.212,0.125,0.032,0.054,0.02
1.0,0.7,2.02,1.131,1.87,1.286,0.119,0.029,0.051,0.016
1.0,0.8,1.93,1.16,1.74,1.073,0.135,0.026,0.058,0.02
1.0,0.8,2.02,1.077,1.77,1.19,0.121,0.02,0.048,0.013
1.0,0.8,2.2,1.14,1.89,1.094,0.148,0.027,0.061,0.019
1.0,0.8,2.19,1.164,1.92,1.172,0.106,0.022,0.045,0.014
1.0,0.8,2.14,1.225,2.0,1.183,0.122,0.013,0.049,0.011
1.0,0.8,2.08,1.238,1.9,1.315,0.134,0.019,0.056,0.01
1.0,0.8,1.85,1.09,1.68,1.182,0.137,0.021,0.055,0.01
1.0,0.8,1.98,1.122,1.71,1.202,0.138,0.02,0.06,0.012
1.0,0.8,2.07,1.16,1.85,1.284,0.136,0.016,0.057,0.011
1.0,0.8,1.94,1.165,1.75,1.252,0.133,0.024,0.052,0.016
1.0,0.9,2.11,1.182,2.14,1.435,0.081,0.016,0.024,0.009
1.0,0.9,1.8,1.265,1.75,1.329,0.141,0.017,0.058,0.012
1.0,0.9,2.07,1.107,1.91,1.15,0.128,0.033,0.058,0.019
1.0,0.9,2.0,1.183,1.86,1.334,0.136,0.027,0.056,0.014
1.0,0.9,2.07,1.177,1.83,1.225,0.157,0.019,0.068,0.015
1.0,0.9,2.16,1.172,1.98,1.225,0.154,0.027,0.069,0.015
1.0,0.9,2.08,1.222,1.9,1.204,0.132,0.038,0.053,0.022
1.0,0.9,1.84,1.037,1.79,1.089,0.136,0.033,0.057,0.02
1.0,0.9,1.95,1.161,1.67,1.265,0.158,0.028,0.067,0.017
1.0,0.9,2.16,1.239,1.86,1.166,0.151,0.017,0.061,0.016
1.0,1.0,2.15,1.211,2.06,1.271,0.121,0.028,0.051,0.019
1.0,1.0,1.9,1.229,1.79,1.151,0.131,0.028,0.051,0.016
1.0,1.0,1.74,1.23,1.78,1.246,0.129,0.026,0.049,0.013
1.0,1.0,1.64,1.118,1.61,1.248,0.141,0.022,0.057,0.014
1.0,1.0,1.82,1.117,1.79,1.235,0.109,0.026,0.04,0.014
1.0,1.0,1.82,1.228,1.67,1.209,0.136,0.019,0.052,0.011
1.0,1.0,1.86,1.039,1.62,1.173,0.148,0.036,0.069,0.024
1.0,1.0,1.82,1.161,1.75,1.169,0.135,0.022,0.054,0.015
1.0,1.0,1.91,1.15,1.8,1.166,0.155,0.017,0.068,0.009
1.0,1.0,1.72,1.114,1.63,1.18,0.165,0.025,0.068,0.017
